,domain
AAACAAGTATCTCCCA-1,1
AAACAATCTACTAGCA-1,3
AAACACCAATAACTGC-1,5
AAACAGAGCGACTCCT-1,6
AAACAGCTTTCAGAAG-1,4
AAACAGGGTCTATATT-1,7
AAACAGTGTTCCTGGG-1,5
AAACATTTCCCGGATT-1,1
AAACCCGAACGAAATC-1,2
AAACCGGGTAGGTACC-1,7
AAACCGTTCGTCCAGG-1,5
AAACCTAAGCAGCCGG-1,4
AAACCTCATGAAGTTG-1,4
AAACGAAGAACATACC-1,2
AAACGAGACGGTTGAT-1,4
AAACGGGCGTACGGGT-1,1
AAACGGTTGCGAACTG-1,7
AAACTCGGTTCGCAAT-1,4
AAACTCGTGATATAAG-1,2
AAACTGCTGGCTCCAA-1,7
AAACTTAATTGCACGC-1,5
AAACTTGCAAACGTAT-1,7
AAAGACATGAAGTTTA-1,3
AAAGACCCAAGTCGCG-1,2
AAAGACTGGGCGCTTT-1,1
AAAGGCCCTATAATAC-1,5
AAAGGCTACGGACCAT-1,7
AAAGGCTCTCGCGCCG-1,7
AAAGGGATGTAGCAAG-1,4
AAAGGGCAGCTTGAAT-1,1
AAAGGTAAGCTGTACC-1,6
AAAGTAGCATTGCTCA-1,5
AAAGTCACTGATGTAA-1,2
AAAGTCGACCCTCAGT-1,4
AAAGTGTGATTTATCT-1,1
AAAGTTGACTCCCGTA-1,1
AAATAACCATACGGGA-1,1
AAATACCTATAAGCAT-1,7
AAATAGCTTAGACTTT-1,6
AAATAGGGTGCTATTG-1,4
AAATCCGATACACGCC-1,1
AAATCGTGTACCACAA-1,7
AAATCTAGCCCTGCTA-1,6
AAATGATTCGATCAGC-1,6
AAATGCTCGTTACGTT-1,3
AAATGGCATGTCTTGT-1,1
AAATGGCCCGTGCCCT-1,7
AAATGGTCAATGTGCC-1,7
AAATGTGGGTGCTCCT-1,3
AAATTAACGGGTAGCT-1,7
AAATTACACGACTCTG-1,1
AAATTACCTATCGATG-1,1
AAATTGATAGTCCTTT-1,5
AAATTGCGGCGGTTCT-1,3
AAATTGGTGAGAAGCA-1,6
AAATTTACCGAAATCC-1,2
AAATTTGCGGGTGTGG-1,5
AACAACTGGTAGTTGC-1,4
AACAATACATTGTCGA-1,5
AACAATTACTCTACGC-1,1
AACACACGCTCGCCGC-1,1
AACACGACTGTACTGA-1,2
AACACGAGACGCGGCC-1,7
AACACGCGGCCGCGAA-1,3
AACAGCTGTGTGGCAA-1,5
AACAGGAAATCGAATA-1,1
AACAGGATGGGCCGCG-1,4
AACAGGTAGTATGGAT-1,2
AACATATCAACTGGTG-1,6
AACATTGAAGTTGATC-1,5
AACATTGTGACTCGAG-1,7
AACCAAGACTTCTCTG-1,4
AACCAGTATCACTCTT-1,2
AACCATAGGGTTGAAC-1,5
AACCATGGGATCGCTA-1,3
AACCCAGAGACGGAGA-1,2
AACCCATCCCATGATC-1,5
AACCCGACAACCCGTG-1,5
AACCCGAGCAGAATCG-1,2
AACCCTACTGTCAATA-1,1
AACCCTGGTGGAACCA-1,2
AACCGAGCTTGGTCAT-1,4
AACCGCTAAGGGATGC-1,1
AACCGTTGTGTTTGCT-1,1
AACCTAAAGCCGTCCG-1,3
AACCTCGCTTTAGCCC-1,4
AACCTTTAAATACGGT-1,7
AACCTTTACGACGTCT-1,1
AACGAAAGTCGTCCCA-1,5
AACGATAATGCCGTAG-1,4
AACGATAGAAGGGCCG-1,1
AACGATATGTCAACTG-1,4
AACGCGAACGGCAACA-1,3
AACGCGACCTTGGGCG-1,7
AACGCGGTCTCCAGCC-1,4
AACGCTGTTGCTGAAA-1,1
AACGGACGTACGTATA-1,1
AACGGCCATCTCCGGT-1,5
AACGTACTGTGGGTAC-1,5
AACGTAGTCTACCCAT-1,3
AACGTCAGACTAGTGG-1,1
AACGTCGCTGCACTTC-1,1
AACGTGATGAAGGACA-1,1
AACGTGCGAAAGTCTC-1,7
AACTACCCGTTTGTCA-1,2
AACTAGCGTATCGCAC-1,3
AACTAGGCTTGGGTGT-1,7
AACTCAAGTTAATTGC-1,7
AACTCCAGAGCGTGTT-1,1
AACTCCTAATCCCATG-1,6
AACTCGATGGCGCAGT-1,3
AACTCTCAATAGAGCG-1,1
AACTCTCAGTGTGCTC-1,5
AACTGATATTAGGCCT-1,1
AACTGGGTCCCGACGT-1,4
AACTGGGTTCGAGCCG-1,2
AACTGGTGTGGGCCTT-1,3
AACTTCTGCGTCTATC-1,3
AACTTGCCCGTATGCA-1,1
AACTTGCGTTCTCGCG-1,3
AACTTTAGCTGCTGAG-1,3
AAGAAGGATCAGTTAG-1,3
AAGACATACGTGGTTT-1,1
AAGACCAAATAACTCA-1,5
AAGACCCAACTGAACA-1,7
AAGACTAACCCGTTGT-1,3
AAGACTCACGCCCACT-1,3
AAGACTGCAAGCTACT-1,7
AAGAGATGAATCGGTA-1,1
AAGAGCTCTTTATCGG-1,4
AAGAGGATGTACGCGA-1,7
AAGAGGCATGGATCGC-1,4
AAGAGGCCCTTTGGAA-1,2
AAGATGGCACCGGACC-1,5
AAGATTGGCGGAACGT-1,1
AAGCACCCTGCGTATC-1,4
AAGCATACTCTCCTGA-1,7
AAGCCGAAGCGGTTTA-1,2
AAGCCGCCGTGAAATC-1,5
AAGCGCAGGGCTTTGA-1,4
AAGCGGCGTCATGGGT-1,6
AAGCGTCCCTCATCGA-1,5
AAGCTAGATCGAGTAA-1,7
AAGCTCGTGCCAAGTC-1,7
AAGCTCTTTCATGGTG-1,4
AAGGAGAACTTATAAG-1,3
AAGGAGCGGTTGGTGC-1,4
AAGGATCGATCGCTTG-1,2
AAGGATGAGGGACCTC-1,4
AAGGCGCGTAAAGCTT-1,1
AAGGCTGTGCTCATCG-1,4
AAGGGAACGACTGGCT-1,5
AAGGGACAGATTCTGT-1,1
AAGGGACTATGCATTC-1,5
AAGGTATCCTAATATA-1,4
AAGGTGATAAACCAGC-1,1
AAGTAAGCTTCCAAAC-1,3
AAGTAGAAGACCGGGT-1,1
AAGTAGTGACGCGAGG-1,4
AAGTCAATTGTCGTCA-1,1
AAGTGACGACCGAATT-1,7
AAGTGAGTCGGGTTTA-1,5
AAGTGCAAAGGTAGAC-1,1
AAGTGCCTTGACTGTA-1,6
AAGTGCGTTAGAATCT-1,5
AAGTGCTTCTCTATTG-1,5
AAGTGTTTGGAGACGG-1,4
AAGTTCACTCCAAGCT-1,4
AAGTTCAGTCTGCGTA-1,6
AAGTTCGGCCAACAGG-1,7
AAGTTTACTAATGGCA-1,3
AAGTTTATGGGCCCAA-1,4
AATAACAACGCTCGGC-1,7
AATAACACTAGAACAA-1,5
AATAAGTCCTCGAGAC-1,2
AATACAATGTTTCAGG-1,1
AATACCGGAGGGCTGT-1,5
AATAGAACAGAGTGGC-1,5
AATAGAATCTGTTTCA-1,4
AATAGCTACCGCGTGC-1,6
AATAGTCCGTCCCGAC-1,7
AATATCAAGGTCGGAT-1,3
AATATCGAATCAATGC-1,2
AATATCGAGGGTTCTC-1,6
AATATTGGAGTATTGA-1,4
AATCAGACTGCAGGAC-1,3
AATCAGGTTTCATTTA-1,5
AATCATGTAAAGACTC-1,6
AATCCAAGGGCCTGAG-1,2
AATCCATGCAAGGGTG-1,3
AATCGCCTCAGCGCCA-1,4
AATCGCGCAGAGGACT-1,2
AATCGGGACACTACGA-1,2
AATCGGTATAGCCCTC-1,1
AATCGTGAGCCGAGCA-1,4
AATCTAGGTTTACTTG-1,5
AATCTATGCCGGAGCC-1,2
AATCTCTACTGTGGTT-1,4
AATCTGCGTTGGGACG-1,1
AATCTGGCTTTCTAGT-1,5
AATCTGGGTAGACCCT-1,3
AATGACAGCAATGTCT-1,5
AATGACGTAGGATGTC-1,4
AATGACTGTCAGCCGG-1,1
AATGAGTTCGCATATG-1,3
AATGATGATACGCTAT-1,1
AATGATGCGACTCCTG-1,6
AATGCAACCGGGTACC-1,4
AATGCACCAAGCAATG-1,6
AATGGTCCACCGTTCA-1,1
AATGGTTCTCACAAGC-1,1
AATGTATGGCACTGTA-1,5
AATGTGCCCGAGGTGT-1,5
AATGTGCTAATCTGAG-1,5
AATGTTGTCGTGAGAC-1,1
AATTAAAGGTCGGCGT-1,7
AATTAACGGATTTCCA-1,7
AATTACTCGTACGCTC-1,3
AATTAGCGCTGCAGCG-1,7
AATTCATAAGGGATCT-1,1
AATTCATTGTCATGCA-1,5
AATTCCAAGCATGTAC-1,7
AATTCGATTCGAGGAT-1,4
AATTCTAGAGTTAGGC-1,7
AATTGAACGCTCTGGT-1,4
AATTGCAGCAATCGAC-1,2
AATTGCGTGGATTACA-1,5
AATTTGGGACATAGTA-1,1
AATTTGGTTCCAAAGA-1,1
ACAAACCATGCGTCCT-1,5
ACAAACCGACAAGGCG-1,3
ACAAAGCATGACCTAG-1,1
ACAAATCGCACCGAAT-1,4
ACAAATGGTAGTGTTT-1,4
ACAAATTCAGATCTGA-1,6
ACAACAGCATGAGCTA-1,7
ACAACGGTCCCTGCGA-1,1
ACAAGCAGTGCCTAGC-1,1
ACAAGGAAATCCGCCC-1,4
ACAAGGACAAGAGGTT-1,4
ACAAGGATGCTTTAGG-1,1
ACAAGGGCAGGCTCTG-1,7
ACAATAGTCGTACGTT-1,7
ACAATCCATTTAAACC-1,7
ACAATCGATCTTTATA-1,3
ACAATGAATACGGAGA-1,5
ACAATTGTGTCTCTTT-1,1
ACAATTTAGGAGGCTC-1,1
ACAATTTGAGCAGTGG-1,4
ACACAAAGACGGGTGG-1,4
ACACACCAGGACCAGT-1,4
ACACACTTTCTACACG-1,1
ACACATGATCAAATCT-1,5
ACACATTGACGCAACA-1,3
ACACCCAGCATGCAGC-1,4
ACACCCGAGAAATCCG-1,1
ACACCGGTCTGACCGC-1,5
ACACCTTAAGTAGGGC-1,4
ACACCTTACTACTTGC-1,2
ACACGAGACTCCTTCT-1,7
ACACGGCACTATGCAT-1,2
ACACGGGAACTTAGGG-1,4
ACACGTAGGCCACAAG-1,2
ACACTCCAATGTCACT-1,3
ACACTGATCAAGGTGT-1,5
ACACTGGGACAGTCGT-1,2
ACAGAACTGAGAACAA-1,5
ACAGATTAGGTTAGTG-1,2
ACAGCATAGAGCCAGT-1,2
ACAGCGACATTCTCAT-1,6
ACAGCGCACCCGCAGC-1,1
ACAGGCTTGCCCGACT-1,4
ACAGGTGGAGGTGAGG-1,5
ACAGTAATACAACTTG-1,7
ACATAAGTCGTGGTGA-1,5
ACATAATAAGGCGGTG-1,4
ACATCAGCTGGGACGC-1,1
ACATCCCGGCCATACG-1,7
ACATCCTGGTAACTGT-1,6
ACATCGATCGTTTACC-1,7
ACATCGGTCAGCCGCG-1,7
ACATCGTATGCAATGG-1,4
ACATCGTTAACCTAGT-1,1
ACATCTCAACGCGTAA-1,2
ACATGGCGCCAAAGTA-1,6
ACATGGCTCAATTTAG-1,3
ACATTAGTTTATATCC-1,7
ACCAAACTAGAAATCC-1,3
ACCAACCGCACTCCAC-1,1
ACCAACGCTTATTTAT-1,5
ACCAAGAACGCGTGTC-1,1
ACCAATATGCAAGTTA-1,4
ACCACAACTCAGAACA-1,2
ACCACAAGTTTCTATC-1,7
ACCACCAATGTAACAA-1,2
ACCACGTGCAGCTATA-1,4
ACCAGCCCGGTCTTTG-1,2
ACCAGGAGTGTGATCT-1,3
ACCAGTGCCCGGTCAA-1,6
ACCAGTGCGGGAGACG-1,1
ACCATATCCGCAATAA-1,7
ACCATCCGCCAACTAG-1,4
ACCATCGTATATGGTA-1,7
ACCATTAAGGGTGTCA-1,3
ACCCAACGCCCGTGGC-1,4
ACCCACCTACATGCTC-1,1
ACCCATCTTGAGGGTA-1,7
ACCCATTTGTCCCTCT-1,6
ACCCGAGCGAAATTAC-1,5
ACCCGATTGGTTCCGA-1,5
ACCCGGAAACTCCCAG-1,7
ACCCGGATGACGCATC-1,1
ACCCGGTTACACTTCC-1,7
ACCCGTGTCATCAGTA-1,7
ACCCTATAGGACTGAG-1,3
ACCCTATGCCATATCG-1,5
ACCCTCCCTTGCTATT-1,4
ACCCTTCATCTGCGAA-1,1
ACCCTTTAGTTCTCCA-1,2
ACCGAAAGGGCCCTGC-1,2
ACCGAAGAGTCTGGTT-1,5
ACCGACACATCTCCCA-1,7
ACCGACTGAGTCCCAC-1,4
ACCGATGGTAGCATCG-1,4
ACCGCAATAACTGCCT-1,4
ACCGCGGTGGAAGTCG-1,6
ACCGGGCCTTTGTTGA-1,1
ACCGGTCAGGTACACC-1,5
ACCGGTCTGAGTACGG-1,3
ACCGTGACCACGTGGG-1,5
ACCGTTCCCGCTCTGA-1,2
ACCTAAGTACCTTTCA-1,5
ACCTAATCGACTTCCT-1,4
ACCTACAGTATGTGGT-1,2
ACCTACTATAAATCTA-1,7
ACCTCCGCCCTCGCTG-1,2
ACCTCCGTTATTCACC-1,2
ACCTCGAACTTATGCT-1,5
ACCTGCGTGTCATGTT-1,7
ACCTTTCCTTTAGAAG-1,3
ACGAAATGGGCGGCAC-1,4
ACGACTGGTCATACTC-1,5
ACGAGAACCCATCACG-1,3
ACGAGATATTTGCTTA-1,1
ACGAGGATACCACTCT-1,5
ACGAGGTTTACAACGT-1,5
ACGAGTACGGATGCCC-1,6
ACGATACATAGAACTA-1,4
ACGATCATACATAGAG-1,4
ACGATCATCTTGTAAA-1,1
ACGATGCATATGTTAT-1,7
ACGATGGATCCGATGC-1,1
ACGCAAACTAATAGAT-1,5
ACGCAATCACTACAGC-1,6
ACGCATACGTTTACTA-1,6
ACGCATTCGTGAGTAC-1,7
ACGCCAGATGATTTCT-1,1
ACGCCCAGCTGTCGAT-1,3
ACGCCGCTAGACGACC-1,7
ACGCGAAGTCAGACGA-1,7
ACGCGCTACACAGGGT-1,7
ACGCGGGCCAAGGACA-1,7
ACGCTAGTGATACACT-1,6
ACGCTGTGAGGCGTAG-1,4
ACGCTTAGTGTCTCTC-1,2
ACGGAATTTAGCAAAT-1,3
ACGGACGCAGCGACAA-1,5
ACGGACTCTCAAAGCG-1,4
ACGGAGCGCAAATTAC-1,6
ACGGATGGTGCGGATA-1,4
ACGGCACTTGCTTGGG-1,7
ACGGCCAACATGGACT-1,7
ACGGCGACGATGGGAA-1,4
ACGGCGGGTTGCCCTG-1,3
ACGGCTGGATGTAGAA-1,5
ACGGGAGTGTCGGCCC-1,7
ACGGGTCATGTGACTT-1,3
ACGGTCACCGAGAACA-1,5
ACGTACAGATTTCTCT-1,1
ACGTACTTTGGCACGG-1,5
ACGTAGATTGCTGATG-1,7
ACGTATTACTCCGATC-1,1
ACGTCCTAAACGAGAT-1,3
ACGTGCGCCTCGTGCA-1,1
ACGTGGTCGAATGTGC-1,2
ACGTTAATGTCGAAGA-1,7
ACGTTAGATTTGCCCG-1,7
ACGTTCACTATGCCGC-1,5
ACGTTCCGCGCTCCGT-1,2
ACGTTCGCAATCAATT-1,2
ACGTTCGTTCAGGAAA-1,5
ACGTTCTGTACAAGTC-1,1
ACGTTTAGTTGTGATC-1,1
ACTAATACGTCAGGCG-1,6
ACTACATCCCGACAAG-1,5
ACTACCAGCTCTCTGG-1,1
ACTACGCGTTAGAATT-1,7
ACTAGTTGCGATCGTC-1,1
ACTATATGCTGTGTTC-1,6
ACTATCCAGGGCATGG-1,2
ACTATCTGCCCGCGTA-1,2
ACTATGTCCAGCTGCC-1,5
ACTATTCGTCCGTGGT-1,1
ACTATTTCCGGGCCCA-1,5
ACTCAAGTGCAAGGCT-1,1
ACTCAATAAAGGCACG-1,4
ACTCAGACCTGCTTCT-1,3
ACTCATGGCAGCCTTC-1,5
ACTCCAATATCATCAT-1,5
ACTCCCATTCCTAAAG-1,7
ACTCCCGAATTCGTTT-1,6
ACTCCCTAATGCTAAA-1,7
ACTCCCTAGAATAGTA-1,7
ACTCGATGTATTTCAT-1,3
ACTCGCCGTTCGATAA-1,2
ACTCGTAACCCGTCCT-1,5
ACTCGTCAGTAATCCC-1,4
ACTCTCTGACTTAGGT-1,4
ACTCTCTTATACACGA-1,2
ACTCTTGTATAGTAAC-1,7
ACTGAAACGCCGTTAG-1,1
ACTGAATGGCGAAAGT-1,4
ACTGATTTAGTGATTC-1,2
ACTGCCCGCCATTCTC-1,5
ACTGCCGTCGTAACTC-1,1
ACTGCTCGGAAGGATG-1,5
ACTGTACGATACACAT-1,4
ACTGTAGCACTTTGGA-1,4
ACTGTATACGCGAGCA-1,3
ACTGTCCAGGATTATA-1,7
ACTGTCTTCTTTAGAA-1,7
ACTGTGCTAGTAGATC-1,3
ACTGTTTAGTGTAGGC-1,3
ACTTACCGGGCGCGCA-1,6
ACTTACGCATCCACGC-1,4
ACTTAGTACGACAAGA-1,3
ACTTATACTTACCCGG-1,4
ACTTATCTGATCTATA-1,3
ACTTATTAGGATCGGT-1,7
ACTTATTTATGTGCCA-1,4
ACTTCAGGCTGATCCC-1,4
ACTTCCATGCGGGACA-1,1
ACTTCGCCATACGCAC-1,4
ACTTGACTCCCTCTTT-1,7
ACTTGCCATATTGTAC-1,3
ACTTGGGACCCGGTGG-1,4
ACTTGTAGTCCCTTCA-1,4
ACTTGTGGATGGAACG-1,2
ACTTTACCCTCATGAA-1,6
ACTTTCCTATAGCTTC-1,4
ACTTTGACTGCATCCT-1,4
ACTTTGGTCGTGCTCC-1,5
AGAAATTATGACTCGC-1,2
AGAACCCTCAATTGGG-1,5
AGAACGTGGTACATTC-1,4
AGAAGAGCGCCGTTCC-1,4
AGAAGGTACACTTCAC-1,5
AGAAGGTTGCCGAATT-1,7
AGAAGGTTGTAGGTCG-1,4
AGAAGTGATTCGTGAT-1,5
AGAATAAATCTTCAGG-1,4
AGAATGCGGGTTCGGA-1,6
AGAATTATGGATTCGA-1,1
AGAATTGTTTGACATA-1,2
AGACATAGATCCTTCC-1,3
AGACCAAACCACACCT-1,5
AGACCATGGGATACAA-1,1
AGACCCACCGCTGATC-1,7
AGACCCGCCCTCCTCG-1,4
AGACCGCTCCGCGGTT-1,2
AGACCGGGAAACCCTG-1,4
AGACGAAGTGCCGGTC-1,1
AGACGACGATGCCGCT-1,5
AGACGGGATTGGTATA-1,2
AGACGGGCCGATTTAA-1,6
AGACTAGCCTTCCAGA-1,4
AGACTGTTACCGGGTC-1,5
AGAGAAACACCAGAAA-1,5
AGAGAACCGTCTAGGA-1,4
AGAGAAGGAGTACAAT-1,5
AGAGATCTCTAAAGCG-1,4
AGAGCAGTTATGAGAC-1,1
AGAGCCGCCGAGATTT-1,2
AGAGCGGGCTAATCAT-1,1
AGAGCGTACAAGCTCG-1,1
AGAGCTACGAAAGCAT-1,3
AGAGGCTTCGGAAACC-1,1
AGAGGTATCTCGGTCC-1,3
AGAGTAAACTTCACTA-1,2
AGAGTTAGAGACCGAT-1,2
AGATAACTTCAGGGCC-1,7
AGATACCAATAGAACC-1,2
AGATACCGGTGTTCAC-1,7
AGATACGACTTCATAT-1,2
AGATACTCAAGATCGA-1,4
AGATATAATACGACTA-1,4
AGATCGTGCATAAGAT-1,6
AGATCTCAGGTGTGAT-1,4
AGATGACTCGCCCACG-1,1
AGATGAGGGTTGCGAT-1,6
AGATGATGGAGTCTGG-1,6
AGATGCAAGACGTGCA-1,5
AGATGCTATAACGAGC-1,3
AGATTATAGGACGTTT-1,7
AGATTCACAACCGATA-1,5
AGCAAAGGCCGCTAGT-1,4
AGCAACATATCTTATT-1,1
AGCAACCGAAAGTAAT-1,5
AGCACACGTTTAGACT-1,5
AGCACCAGTACTCACG-1,4
AGCACTACCGGCCTGT-1,4
AGCACTACCTCACCAG-1,4
AGCACTTAAGGACGCC-1,4
AGCAGAAGGAGAAAGA-1,4
AGCAGCCAGATGAATA-1,7
AGCATATCAATATGCT-1,1
AGCATCATTTCGAAAG-1,5
AGCATCGTCGATAATT-1,4
AGCATTACGAGGCAAG-1,1
AGCCAAGCTTTGTGTC-1,7
AGCCACAGGTTACCCG-1,1
AGCCACTCCCGTGCTT-1,4
AGCCATATAGTATGTG-1,7
AGCCCATACATGTAAG-1,7
AGCCCGCAACAAGCAG-1,7
AGCCCGGCATTAGAGG-1,5
AGCCCGGTAGCCTGTA-1,5
AGCCCTAAGCGAAGTT-1,1
AGCCCTCCCTGGTGGC-1,5
AGCCCTTCTAATCCGA-1,6
AGCCGTGGCTAAATGT-1,5
AGCCTAATACCCACGT-1,5
AGCCTTAAAGCGGAAG-1,1
AGCGACAGGAACGGTC-1,5
AGCGACATCCCATTCA-1,1
AGCGACCAACGATATT-1,4
AGCGAGACGTGAAGGC-1,5
AGCGATGCGCCTAATA-1,2
AGCGCATAATGAATCG-1,7
AGCGCGGGTGCCAATG-1,1
AGCGCTTATGGGCAAG-1,2
AGCGGACACTTCGTAG-1,7
AGCGGCGGTTAGCGGT-1,5
AGCGGGAAGGGTCCAT-1,3
AGCGGGTCTGACACTC-1,7
AGCGGTTGAGATGTAC-1,3
AGCGTACGAGAGCTAG-1,3
AGCGTAGCGCTAGACC-1,3
AGCGTGGTATTCTACT-1,7
AGCGTTCCGATTTAAA-1,3
AGCTAACAAGCAATGT-1,5
AGCTAAGTACGCAGGC-1,1
AGCTAGAAGCAGAAGT-1,6
AGCTATTTAATCCAAC-1,1
AGCTCCATATATGTTC-1,2
AGCTCCTTCGCACATC-1,4
AGCTCTAGACGTTCCA-1,7
AGCTCTTCCCAGTGCA-1,1
AGCTCTTCGTAACCTT-1,6
AGCTCTTTACTCAGTT-1,7
AGCTGAAGTAAACCAA-1,1
AGCTGTAACCTCAATC-1,5
AGCTTATAGAGACCTG-1,3
AGCTTCAATACTTTGA-1,3
AGCTTGATCAGGGTAG-1,5
AGCTTGATCTTAACTT-1,7
AGGAAGCTGTCCGCCG-1,7
AGGACAGTCGAATCCC-1,4
AGGACATCGCACGTCG-1,2
AGGACGACCCATTAGA-1,7
AGGACGCTCGATGTTG-1,6
AGGAGGCCTTCGCGCG-1,1
AGGATAAAGTCGGGAT-1,7
AGGATATAGGGATTTA-1,1
AGGATCACGCGATCTG-1,7
AGGCAAAGAGGAATCA-1,3
AGGCACGTGACTGTCC-1,2
AGGCAGATGCGTAAAC-1,4
AGGCAGGGAGCGTACT-1,5
AGGCATTGTCGTAGGG-1,1
AGGCCACCCGTTATGA-1,4
AGGCCCAGTGACTGGT-1,3
AGGCCCATTGTACAGG-1,1
AGGCCCTAGAACGCCA-1,7
AGGCCTGAGAATCTCG-1,1
AGGCGGTTTGTCCCGC-1,5
AGGCTATGGTTAGCTT-1,1
AGGCTTCCCGAAGAAG-1,5
AGGCTTGCTAGACACC-1,1
AGGGAAACGAGGTACT-1,1
AGGGACAGCACGGCGG-1,3
AGGGACCGGCTGCGTT-1,2
AGGGACTCTACGCGAC-1,7
AGGGAGACATACTTCG-1,2
AGGGCAGCGGCGTGGT-1,2
AGGGCGAGCAGCTGAT-1,7
AGGGCGTGATCGGCTA-1,1
AGGGCTGCAGTTACAG-1,7
AGGGTCAGAGCACTCG-1,5
AGGGTCGATGCGAACT-1,1
AGGGTGCCGTTCTTTA-1,5
AGGGTGCTCTCGAGGG-1,1
AGGGTGGATAGTGCAT-1,1
AGGGTTCAGACGGTCC-1,5
AGGGTTCCCTTTGGTT-1,4
AGGGTTTAGTTCGGGA-1,7
AGGTAACCTCCTATTC-1,2
AGGTACGATATTGCCA-1,1
AGGTAGATCGAGATAT-1,5
AGGTAGGTACAAAGCT-1,4
AGGTATAATTGATAGT-1,2
AGGTCAGGTGAGAGTG-1,7
AGGTCGCCACTTCGGT-1,3
AGGTCGCGGAGTTACT-1,6
AGGTGGTGACCTTCGC-1,7
AGGTGTATCGCCATGA-1,4
AGGTTACACCATGCCG-1,2
AGGTTCTCCTTTCCGG-1,5
AGGTTGAGGCACGCTT-1,4
AGGTTTCACACACCTT-1,7
AGTAACGTTCATCCTG-1,2
AGTAAGGGACAGAATC-1,1
AGTAATGTCTTGCCGC-1,1
AGTAATTTGCAAGCGT-1,5
AGTACATCATTTATCA-1,2
AGTACCTTCGAGTGCT-1,6
AGTACGGCCCGTATCG-1,4
AGTACGGGCACCTGGC-1,4
AGTACGTGGCCTGTCT-1,2
AGTACTCTTATGCCCA-1,1
AGTAGAAGGCGCCTCA-1,7
AGTAGCGTGAACGAAC-1,3
AGTAGGAAGGAAGTTG-1,6
AGTAGGTAACATACAT-1,2
AGTATAATACTAGGCA-1,1
AGTATACACAGCGACA-1,5
AGTATCCATAATAACG-1,3
AGTATGCTGGAGACCA-1,5
AGTATTTGGCACGACC-1,7
AGTCAAATGATGTGAT-1,5
AGTCAACACCACCATC-1,7
AGTCAAGATGACACTT-1,1
AGTCACTAGCTCTCGA-1,6
AGTCACTCCGCCTCAT-1,3
AGTCAGCCACCGCCTG-1,3
AGTCCATTGGCTGATG-1,6
AGTCCCGCCTTTAATT-1,1
AGTCGACGGTCTCAAG-1,4
AGTCGGCCCAAACGAC-1,1
AGTCGGCTCAACTTTA-1,7
AGTCGGTTGCGTGAGA-1,2
AGTCGTATAAAGCAGA-1,4
AGTCGTCGACCACCAA-1,1
AGTCGTGGGCATTACG-1,5
AGTCTAAAGTATACTC-1,2
AGTCTCACAAGACTAC-1,5
AGTCTGGACATCCTTG-1,2
AGTCTTCTCCTCAAAT-1,4
AGTCTTTAAAGTGTCC-1,4
AGTGAACAAACTTCTC-1,6
AGTGACCTACTTTACG-1,7
AGTGACTGTGACACAA-1,5
AGTGAGACTTCCAGTA-1,4
AGTGAGCCTCGCCGCC-1,6
AGTGAGGGTTTCTGAC-1,2
AGTGAGTCGAATTAAC-1,1
AGTGATAACCTGCGCG-1,1
AGTGATATGAGTAGTT-1,5
AGTGATTCAAGCAGGA-1,4
AGTGCACGCTTAAGAA-1,1
AGTGCGTAGCTCGTAA-1,5
AGTGCTAAACACAGCA-1,1
AGTGCTTGCACGAATA-1,4
AGTGGCGGCAATTTGA-1,1
AGTGGCGTCTGAAGGT-1,1
AGTGGCTCCGTCGGCC-1,4
AGTGGTGTTACCCGTG-1,7
AGTGTATTGCGCATTG-1,6
AGTGTGCTAAGATCGC-1,3
AGTGTGGTCTATTGTG-1,1
AGTTAAACACTTGCGA-1,7
AGTTAAGCGGTCCCGG-1,1
AGTTAAGTCAACCGCT-1,5
AGTTACCGCACATGGT-1,1
AGTTACTCTATCGTGG-1,1
AGTTATTGAAAGGTAA-1,3
AGTTCCTACAGAATTA-1,7
AGTTCCTATTTATGTT-1,7
AGTTCTGCGTTGTATC-1,3
AGTTGACATCGGCTGG-1,3
AGTTGACGGTCCTTGC-1,7
AGTTGCGGTCCTCAAC-1,5
AGTTGCTGACTGATAT-1,3
AGTTGGCAAGGCTAGA-1,1
AGTTTCGCAGGTCGGA-1,1
AGTTTGCACCTGCCTC-1,4
AGTTTGGCACGGGTTG-1,1
AGTTTGGCCAGACCTA-1,7
ATAAACCATTGGACGG-1,3
ATAAACGGACCCGTAA-1,7
ATAAACGTTGCACCAC-1,2
ATAAAGGCTCGGTCGT-1,7
ATAAAGGTCAAGTACG-1,2
ATAAATATTAGCAGCT-1,7
ATAACGCCGGAGGGTC-1,4
ATAACGGAGTCCAACG-1,4
ATAAGGTGGAGAACAT-1,4
ATAAGTAGGATTCAGA-1,6
ATAAGTAGGGCGACTC-1,6
ATAAGTTACCGCGACG-1,7
ATAATACCGTTAGCCG-1,3
ATAATAGCTGTTGAAT-1,7
ATAATAGTGTAGGGAC-1,1
ATAATCTTGGAGAACC-1,4
ATAATTAGCTAAGTAG-1,7
ATACAGGCCCTCCAAT-1,4
ATACCACGGGCAACTT-1,4
ATACCAGCAAATTGCT-1,3
ATACCAGGCTAATAGA-1,2
ATACCAGGTGAGCGAT-1,3
ATACCTAACCAAGAAA-1,7
ATACGCCGATCTACCG-1,3
ATACGCCGGCGAAACC-1,4
ATACGGAACGTCGTTT-1,5
ATACGGGTTTCGATTG-1,1
ATACGGTGAAGATGCA-1,1
ATACGTACTTAGCCAC-1,4
ATACGTCCACTCCTGT-1,1
ATACGTTATGCACGGA-1,7
ATACTACCCGTACCAC-1,2
ATACTAGCATGACCCT-1,4
ATACTGCCTTACACCG-1,4
ATAGACAACGGGACCT-1,1
ATAGACGAAGAGAAAG-1,7
ATAGAGTACTGGGACA-1,4
ATAGAGTTATCAACTT-1,1
ATAGATTTGCAGTCGG-1,3
ATAGCAACTAGGGAAG-1,1
ATAGCCTCAGTACCCA-1,3
ATAGCTGCTCTTGTTA-1,3
ATAGGCGGCTATAGAA-1,7
ATAGGCTAGCTTCGCA-1,6
ATAGGGATATCCTTGA-1,4
ATAGGTTGGGCAGATG-1,4
ATAGTCTTTGACGTGC-1,2
ATAGTGAAGCGTTCTC-1,7
ATAGTTCCACCCACTC-1,6
ATATAAAGCGCTCGTG-1,7
ATATAAATGTAGCTGC-1,4
ATATAACACGGGCGCA-1,1
ATATACGCTCGTGACG-1,2
ATATAGAGTATTGGTC-1,5
ATATCAACCTACAGAG-1,6
ATATCGGTAGGGAGAT-1,2
ATATCGTGCCAGACCC-1,2
ATATCGTTCCTCGAAC-1,1
ATATCTCCCTCGTTAA-1,1
ATATCTTAGGGCCTTC-1,7
ATATGTCTCCCTAGCC-1,1
ATATTCAGTTAAACCT-1,7
ATATTCCACATAGTGA-1,4
ATATTCCCACAGGTCA-1,1
ATATTGCTGTCAAAGT-1,1
ATATTTAACCCTCAAG-1,7
ATCAAACACTGTTCCA-1,2
ATCAAACGAAGGTTTG-1,5
ATCAATCTGGGCTGCA-1,7
ATCAATGCCGTGGCTG-1,5
ATCACATTAGAATATC-1,1
ATCACGTGCTAATTAA-1,5
ATCACTTCATCCTCGC-1,4
ATCAGACGGCACGCCG-1,7
ATCAGCCTCATGCTGC-1,1
ATCAGCTCGTCCACTA-1,7
ATCAGGTCGCCATTGC-1,2
ATCAGTAGGCAGGGAT-1,1
ATCATAGATCGACGAG-1,5
ATCATAGCCCTATGTA-1,2
ATCATCCAATATTTGT-1,7
ATCATCTGCCCAGTGT-1,2
ATCCAACGCAGTCATA-1,1
ATCCAATGGAGGGTCC-1,7
ATCCACATCGACAGAA-1,4
ATCCACGCTAAATGTT-1,2
ATCCAGAGCAACAACC-1,5
ATCCAGGATTCGTGAA-1,7
ATCCCATCCACAGCGC-1,5
ATCCTACCTAAGCTCT-1,7
ATCCTGAATCGCTGCG-1,7
ATCCTGCGTGGAATGG-1,5
ATCCTGCTGCAGATAG-1,3
ATCGACCCAATACAGA-1,7
ATCGACTCTTTCCGTT-1,4
ATCGCACGATTGTTCA-1,3
ATCGCACGCCGGGAGA-1,4
ATCGCCAGTCAACATT-1,6
ATCGCTGCGTGCAGCA-1,2
ATCGGAGACAGACGGC-1,4
ATCGGCAAGCAGTCCA-1,6
ATCGTCCAATCGAGTC-1,3
ATCGTGGAAAGTCTGG-1,5
ATCGTTAGCTAGCGGA-1,6
ATCGTTCACTTTCGCC-1,6
ATCTAATATCCTACGG-1,7
ATCTAGCTTGTGAGGG-1,7
ATCTCCCACGGAATAT-1,2
ATCTCCCTGCAATCTA-1,1
ATCTCGTGAGCGAAAC-1,2
ATCTGACATGGAAGGA-1,5
ATCTGATAGTGTCTTA-1,3
ATCTGCACCTCTGCGA-1,6
ATCTGCTGTTATCGCC-1,7
ATCTGGGCTGTTCTTG-1,4
ATCTGGTTAAGACTGT-1,4
ATCTGTAATTGTACCC-1,1
ATCTTAGGGCATTAAT-1,5
ATCTTATCGCACACCC-1,2
ATCTTGACCTGCAACG-1,4
ATCTTGACTTGTCCAA-1,6
ATGAAGCCAAGGAGCC-1,1
ATGACGCCGGCTCTAA-1,1
ATGACGCGTTCTATCC-1,5
ATGACTATCAGCTGTG-1,5
ATGACTATGCGACATT-1,4
ATGAGGAGTGTTAATC-1,1
ATGATCGGGAATAGAC-1,1
ATGATGCAATGGTACA-1,7
ATGCACGCGCTGTTCA-1,5
ATGCACTACCGCATTG-1,4
ATGCATGATCCAGGAT-1,4
ATGCATTCCGTGATGG-1,3
ATGCCAATCGCTCTGC-1,6
ATGCCATTTGCGACCA-1,4
ATGCCGGTCTTGCATA-1,4
ATGCCGGTTGATGGGA-1,1
ATGCGACAATTGGTCC-1,6
ATGCGACAGTCCCATT-1,7
ATGCGAGTCCCACCAC-1,1
ATGCTCAGTGTTGCAT-1,1
ATGCTCTGGCGCGGTA-1,4
ATGCTTAGGAGTTGAT-1,2
ATGGAAATTTAAGGAG-1,5
ATGGACTGCTTAGTTG-1,5
ATGGAGCAGGCCGTGA-1,7
ATGGATCCGGCGTCCG-1,1
ATGGATTGACCAAACG-1,4
ATGGCAGCATTACGAT-1,5
ATGGCTGGAAATGGCC-1,2
ATGGGAACGGAAGCGG-1,2
ATGGGACCTGCTGAAC-1,5
ATGGGCCTCGGCCTCT-1,1
ATGGGTGTATACCTCC-1,5
ATGGTATTTACTGATT-1,5
ATGGTCGCGTGGTTTC-1,4
ATGGTGCTCAAAGCCA-1,3
ATGTAAGGCTGCTCTT-1,2
ATGTACATGCGGTGAG-1,2
ATGTACGATGACGTCG-1,7
ATGTAGCGCGCGTAGG-1,4
ATGTGAAAGCCTAATG-1,7
ATGTGCATCCGACGCA-1,4
ATGTGGACATCTTGAT-1,7
ATGTGTAGTTTAGTCA-1,3
ATGTTACGAGCAATAC-1,3
ATGTTCCTGCCCACCT-1,3
ATGTTCGTCGACCCAC-1,4
ATGTTGTAGTCTGTTT-1,5
ATTAAACATGCGGACC-1,7
ATTAATACTACGCGGG-1,4
ATTAATGAACCAGTCG-1,4
ATTAATTCGGTCACTC-1,1
ATTACAACTACCGGCC-1,1
ATTACATGTCAGTCTT-1,2
ATTACCACACTGCCTG-1,2
ATTACGCGCTGGCAGG-1,7
ATTACTAGCCTCTTGC-1,1
ATTACTTACTGGGCAT-1,6
ATTAGATTCCTCAGCA-1,6
ATTAGATTGATAGCGG-1,1
ATTAGGCGATGCTTTC-1,7
ATTATACTTTGCTCGT-1,1
ATTATAGCTACTTTAC-1,2
ATTATCGGAATGTACG-1,7
ATTATCTCGACAGATC-1,2
ATTATGAGACCCAATT-1,5
ATTATGCCATAGGGAG-1,1
ATTATTATGTCCGTCA-1,5
ATTATTCAGAGTCACT-1,1
ATTCAACCATTTAAGG-1,6
ATTCACTGATGTTGGA-1,7
ATTCAGGACCTATTTC-1,6
ATTCAGGATCGCCTCT-1,3
ATTCAGTAGCAGGGTC-1,1
ATTCATATACTGTCCA-1,7
ATTCATCGTTGAGGCA-1,1
ATTCCCACATAAACAA-1,1
ATTCCTAAGACGTGGA-1,6
ATTCCTCCGCCAGTGC-1,1
ATTCCTTCCAGGCGGT-1,3
ATTCGACGCCGGGCCT-1,4
ATTCGCGCCTTGAGAG-1,2
ATTCGTGCTATCTCTT-1,2
ATTCTCGTCTCTTTAG-1,2
ATTCTGAGTATGAACT-1,2
ATTCTTCGTACTTATG-1,2
ATTGAAGATCTTAGTG-1,7
ATTGACGTAACTCGGT-1,2
ATTGATAGCAACGAGA-1,3
ATTGATCACCACATTT-1,5
ATTGATGAGTCCTAAC-1,1
ATTGCCTATTAGACCG-1,5
ATTGCCTTTATGTTTG-1,1
ATTGCGATCAGTAACT-1,1
ATTGCTGCTCCTCCAT-1,7
ATTGGATTACAGCGTA-1,6
ATTGGGAATATCTTGG-1,2
ATTGTACAACTCGGCT-1,1
ATTGTCGCAATACCTT-1,1
ATTTAACTCGTATTAC-1,1
ATTTACAGTTTACTGG-1,4
ATTTACTAAGTCCATT-1,2
ATTTCATTATTTCGCG-1,1
ATTTCCGGGTTCTGCG-1,5
ATTTGCCTAGTTACGA-1,3
ATTTGCGCGAGTAGCT-1,5
ATTTGTCTTGGGAGCT-1,4
ATTTGTTCCAGGGCTC-1,1
CAAACCCTCCGGCGGG-1,4
CAAACGAGTATCGCAG-1,5
CAAACGGTCGCACTTT-1,4
CAAACGTGGTCTTGCG-1,2
CAAACTACGATAGAGA-1,1
CAAACTATTGAGCTTC-1,1
CAAACTCGCGACGCCG-1,2
CAAAGATTATTGGGCC-1,5
CAAAGTCAGGTTAGCT-1,3
CAAATCTCTCACAAGG-1,7
CAAATGCGGAGTGTTC-1,3
CAAATGTCCTTCCGTG-1,7
CAAATTGTCAGCAAGC-1,1
CAACAGAATAACGCTA-1,3
CAACAGTGCCAAACGG-1,3
CAACATGGCCTGATAA-1,3
CAACCGCACCTAGACA-1,3
CAACCTACCGAGCAGT-1,2
CAACGACCCGTTTACA-1,1
CAACGCGATGAGCCAA-1,5
CAACGGTTCTTGATAC-1,1
CAACGTGGTGGAGTCT-1,2
CAACTATATCGAATGC-1,1
CAACTCCAACGTTTAG-1,2
CAACTCCTTGATCCCG-1,1
CAACTGCTCATCCGAT-1,7
CAACTTGTAGTGGGCA-1,3
CAAGAGGGCGGAGTAC-1,7
CAAGATATTATAACGT-1,4
CAAGCAACGTCGGAGT-1,4
CAAGCACCAAATGCCT-1,1
CAAGCGGCACATAATT-1,4
CAAGGATCGCATGTTC-1,7
CAAGGCCAGTGGTGCA-1,1
CAAGGTCCTATAGGCT-1,2
CAAGTAAGTGATAGAC-1,7
CAAGTGAACTTTGGTT-1,3
CAAGTGTGGTTGCAAA-1,1
CAATAAACCTTGGCCC-1,4
CAATACGCTCTGAGGC-1,4
CAATATTCTTGACCTA-1,5
CAATATTGGACTAGTG-1,3
CAATCCCTATACCAGC-1,1
CAATCCTGCCGTGGAG-1,3
CAATGCGAGAAGTATC-1,4
CAATGGAATCTACATA-1,2
CAATGGATCTCTACCA-1,4
CAATGGTCGGCCTGGG-1,3
CAATTAAGGGTGATGA-1,7
CAATTTCGTATAAGGG-1,7
CAATTTGACCGGGAAG-1,3
CACAAGCTAAGAAAGG-1,5
CACAATGAGCTGCTAT-1,7
CACACACGCTAACGAG-1,6
CACACAGCTTGCGCTC-1,2
CACACAGGGATAGATT-1,1
CACACGCGCTGTCTTA-1,4
CACACGTTTCAATGGG-1,2
CACAGAGACGAGGACG-1,5
CACAGCACCCACGGCA-1,7
CACAGCTAGGGAGTGA-1,1
CACAGGGCCATATAGT-1,6
CACAGGGCCGTTGTCA-1,7
CACAGTCCCGCTTCGC-1,2
CACAGTTCGCTTCCCA-1,2
CACATAAGGCGACCGT-1,3
CACATATTAGCAGGAT-1,7
CACATCGTGCACGCGC-1,5
CACATCTCACCGACGA-1,4
CACATGATTCAGCAAC-1,7
CACATGTTTGGACATG-1,3
CACATTCTTTCGATGG-1,1
CACATTTCTTGTCAGA-1,2
CACCAGTCAGCATGCA-1,5
CACCATCGGAGGAGAC-1,1
CACCCAAATCTTATGT-1,6
CACCCACACGTCACCC-1,1
CACCCACGAGGCAATT-1,1
CACCCGGTTTGTGACT-1,5
CACCCTAACAAGATCT-1,4
CACCCTTGGTGAGACC-1,5
CACCCTTTCCTCGCTC-1,3
CACCGATACACCGAGC-1,1
CACCGCCAGAAGGTTT-1,4
CACCGCCGACCAGCGA-1,2
CACCGCGTCCACTCTA-1,6
CACCGGAGATATCTCC-1,2
CACCGGTAGAGACATT-1,5
CACCGTATCCCATCCG-1,2
CACCGTTAGGGATCAC-1,5
CACCGTTGCGCGATAT-1,7
CACCTAATAGAGTCGT-1,2
CACCTAATCAGTTTAC-1,4
CACCTCGATGGTGGAC-1,1
CACCTTGCGAAACTCG-1,4
CACCTTGGCGCCTTTG-1,6
CACGAAAGTTAGTCCC-1,4
CACGACTAAAGTTCTG-1,3
CACGATTGGTCGTTAA-1,3
CACGCACAGCGCAGCT-1,4
CACGCAGCGAGGCTTT-1,4
CACGCGGAACTGTTGC-1,1
CACGGCGCGCCAAAGG-1,6
CACGGGATTGAGGGTT-1,1
CACGTCGGCAACCTCT-1,5
CACGTCTATGATGTGG-1,2
CACGTTCGTGCTCTAG-1,4
CACGTTTCGTACACAC-1,1
CACTAAAGTTGCCTAT-1,7
CACTACGGGAGCTGCC-1,2
CACTACTCAGTTCTGT-1,2
CACTCAAGAGCTATGG-1,7
CACTCAGCTCTTGAGG-1,1
CACTCCTATGTAAGAT-1,5
CACTCCTCTCGGTCGG-1,1
CACTCGAGCTGAACAA-1,4
CACTCGGTTAGGAGGA-1,4
CACTCTCAAGCATCGA-1,5
CACTCTTCTGCTAGCC-1,6
CACTGACGATTGTGGA-1,7
CACTGTCCAAGTGAGA-1,1
CACTTAATCAGACGGA-1,7
CACTTCGCCACAGGCT-1,1
CACTTCGTCTTATCTC-1,3
CAGAACTTAGCCCTCT-1,4
CAGAATAACACACGGA-1,2
CAGACACCGATCGCTG-1,5
CAGACCTGTAAGTGTT-1,1
CAGACGAACCTGATAC-1,5
CAGAGACGGTCACCCA-1,7
CAGAGCATGAGCTTGC-1,4
CAGAGGCGATGCATGA-1,5
CAGAGTGATTTAACGT-1,2
CAGATAATGGGCGGGT-1,1
CAGATACTAACATAGT-1,4
CAGATATGAAGATGAC-1,5
CAGATCATTTAAAGTC-1,6
CAGATCCTGGTTTGAA-1,5
CAGCAGCCCGTTCCTT-1,4
CAGCAGTCCAGACTAT-1,1
CAGCAGTCTGTGCTGC-1,4
CAGCCCTCACAGGCAG-1,3
CAGCCGGGCCCTCTAT-1,1
CAGCCTCCTGCAGAGG-1,4
CAGCCTCTCCTCAAGA-1,6
CAGCGATTCCCTTCAA-1,5
CAGCTCACTGAGACAT-1,7
CAGCTCGACAAGTTAA-1,4
CAGCTCGTGCTTGTGT-1,2
CAGCTGGCGTAACCGT-1,5
CAGCTTAGTAGGTAGC-1,4
CAGGAAGACTTTATAT-1,1
CAGGATATATCGTTGT-1,7
CAGGATCCGCCCGACC-1,3
CAGGCAGTCTTACCAG-1,1
CAGGCCAGTACCACCT-1,5
CAGGCCGTTTGGGTGT-1,7
CAGGCGCACGGTGGTC-1,5
CAGGCGCCATGCTAGG-1,4
CAGTAATCCCTCCCAG-1,1
CAGTACATTCTCTAAA-1,6
CAGTACCAGTTTACGT-1,7
CAGTAGCCCACGCGGT-1,1
CAGTAGCGAGGTAGTA-1,3
CAGTCGAGGATGCAAT-1,6
CAGTCTCTCGGCTAAT-1,3
CAGTCTGTATACTGGG-1,7
CAGTGAATAAATGACT-1,4
CAGTGGTTGCACATGA-1,3
CAGTGTCCGCAGAATG-1,2
CAGTGTCGGCTGGCCC-1,1
CAGTGTTAATCTCTCA-1,5
CAGTTCAAATTGACAC-1,4
CAGTTCCGCGGGTCGA-1,1
CAGTTCGAGGACCCGA-1,7
CATAACGGACAGTCGT-1,1
CATAAGAAGCTTGGCT-1,4
CATAAGCTCTCCGTCT-1,4
CATAATGAGCGGGCGA-1,3
CATACAAAGCCGAACC-1,3
CATACCCGTACCCAGT-1,7
CATACGAACTAGCTGG-1,5
CATACGGCGTCTGGGC-1,7
CATACGGGTGCATGAT-1,3
CATACTATGTAATTGT-1,7
CATACTTAGGCAATAC-1,2
CATACTTCTTTCTCCG-1,7
CATAGCCGCCCGGGAT-1,1
CATAGCGTTGCCCACC-1,5
CATAGTACATTGAGAG-1,1
CATAGTAGCATAGTAG-1,1
CATAGTCAAATACATA-1,1
CATAGTCCACAAGAAC-1,7
CATATACTACTGATAA-1,6
CATATAGGTACAGTCA-1,7
CATATGTCAGGCTACG-1,5
CATATTATTTGCCCTA-1,1
CATCAACACCTACTAA-1,3
CATCATCTACCCGGAC-1,1
CATCATTACCCTGAGG-1,1
CATCCAATATAGTTTG-1,5
CATCCGCAGGCCCGAA-1,3
CATCCTCTCAAAGATC-1,1
CATCGAATGGATCTCT-1,3
CATCGCCCGCGGCCAA-1,2
CATCGGACGGGTTAAT-1,7
CATCTATCCCGTGTCT-1,6
CATCTGCAGGATCATT-1,1
CATCTTACACCACCTC-1,1
CATGAACCGACATTTG-1,3
CATGAACCTCTTATCA-1,2
CATGACTTCGCTGAAT-1,6
CATGAGATGCACTCTC-1,4
CATGATCGCTTTGAGA-1,2
CATGATGCACAATTCT-1,4
CATGATGGAAGTTAGC-1,6
CATGCACATGAGAGGC-1,5
CATGCACGTGTTACTG-1,2
CATGCATGGAGACCCT-1,2
CATGCCAACTCGCAAA-1,7
CATGCGACCAGTTTAA-1,6
CATGCGTTAGACAGAA-1,1
CATGCTGGCTCCAATT-1,1
CATGGATTGTCTTCCG-1,6
CATGGCAGGAAGATCG-1,1
CATGGGTATGCCTTAT-1,4
CATGGGTCGGGTGTGG-1,1
CATGGTAAGTAGCGTT-1,7
CATGGTATTAGTTTGT-1,5
CATGGTCTAGATACCG-1,4
CATGTAAGAGACATTT-1,1
CATGTCTCATTTATGG-1,4
CATTACGTCGGCCCGT-1,1
CATTATAACAGGGTCC-1,3
CATTATCCCATTAACG-1,5
CATTATGCTTGTTGTG-1,4
CATTCACTGACAGCTA-1,2
CATTCAGGTCAGTGCG-1,3
CATTCCCTAAGTACAA-1,3
CATTGCAAAGCATAAT-1,3
CATTGCGAAATGGGCG-1,4
CATTGTGTGCTAGATC-1,3
CATTTAGCGGACCATG-1,4
CATTTATCGTTCAAGA-1,2
CATTTCTAGCAGACTA-1,2
CATTTGAGTGGTACGT-1,5
CCAAACAGAACCCTCG-1,1
CCAAAGCAGTTGGTTG-1,3
CCAAAGTCCCGCTAAC-1,3
CCAAATAACAAGATTC-1,2
CCAACCTTATGTAACT-1,5
CCAACGATGCACTGAT-1,4
CCAACGCTTGCCAGGG-1,6
CCAAGAAAGTGGGCGA-1,7
CCAAGACTTCTGCGAA-1,1
CCAAGCGTAACTCGTA-1,7
CCAAGGAACAGAGAGG-1,2
CCAATAGTGCCGTCGA-1,7
CCAATCGGTAGATCGA-1,1
CCAATGTCACAGCAAG-1,7
CCAATTACGGGTCGAG-1,1
CCAATTGAATGTTAAT-1,1
CCACAATGTACGTCTT-1,4
CCACACTGAGATATTA-1,7
CCACAGTACCCATCCT-1,1
CCACATACTGCACCCA-1,2
CCACCAACTTTACTGT-1,5
CCACCCAAGGAAAGTG-1,7
CCACGAATTTAACCTC-1,2
CCACGAGAAGAGAATC-1,1
CCACGGAGCCATAAGA-1,7
CCACGGTGCCCGGTAG-1,6
CCACTAAACTGAATCG-1,3
CCACTGGTGGCTGGTT-1,7
CCACTGTTTGGATTAA-1,2
CCAGAAAGCAACTCAT-1,5
CCAGAGACAAAGCCGG-1,1
CCAGATAGTTGAGTGA-1,4
CCAGCCTGGACCAATA-1,7
CCAGCTACGCCTCATA-1,3
CCAGCTCGAACGCATT-1,7
CCAGCTGATGGTACTT-1,4
CCAGCTTCCGCCCGCA-1,1
CCAGGGACGTGGCCTC-1,4
CCAGTAGTCTGATCCA-1,1
CCAGTCTAGACGGCGC-1,1
CCAGTCTTGTCATAGA-1,7
CCATAAACAACCCGAC-1,1
CCATACCTTTACTTGT-1,6
CCATAGGTTGGCGTGG-1,1
CCATAGTCAGTAACCC-1,3
CCATATGGAAACTATA-1,2
CCATATTGGATCATGA-1,3
CCATCCATACCAAGTC-1,2
CCATCGCAGTTAAACT-1,7
CCATCTCACCAGTGAA-1,1
CCATCTTGTTCACAAT-1,3
CCATGCCCTAGATTTC-1,6
CCATGCCTGTTTAGTA-1,7
CCATGCTCTGCAGGAA-1,1
CCATGGCAAACGCTCA-1,5
CCATGGCCCTTGTACC-1,4
CCATGTTCATCTATAT-1,5
CCATTAGCGATAATCC-1,4
CCATTCCCTGCCCACA-1,4
CCATTTCTACCTATTA-1,4
CCCAAACATGCTGCTC-1,4
CCCAACATACGTCGCG-1,7
CCCAACCACACTAACA-1,2
CCCAAGAATGCACGGT-1,2
CCCAAGACAGAGTATG-1,3
CCCAATGAGATTTGCA-1,5
CCCAATTTCACAACTT-1,7
CCCAGAGGAGGGCGTA-1,6
CCCAGGTCTGAAGGCT-1,2
CCCAGTAAACTTGGGA-1,5
CCCAGTTAAGGCGCCG-1,4
CCCGAAGTTTCGCGAA-1,7
CCCGACCATAGTCCGC-1,1
CCCGAGTTTCTCCGTA-1,2
CCCGCAGCGCGAACTA-1,7
CCCGCAGGGCCCAAAG-1,1
CCCGCCATGCTCCCGT-1,1
CCCGCGCAATGCACCC-1,2
CCCGCTAGAGGGTTAA-1,3
CCCGCTTGCCCTCGTC-1,3
CCCGGGTCGTTCAGGG-1,7
CCCGGTGGAAGAACCT-1,1
CCCGGTGTATCGGAAT-1,5
CCCGTAAGTCTAGGCC-1,7
CCCGTAGCTGGGAAGA-1,5
CCCGTCAGCGTCTGAC-1,4
CCCGTTTCGCAGATGT-1,2
CCCTATGTAGAGCAGA-1,5
CCCTCATTCTGGAATT-1,1
CCCTCCTCGCTCGTAT-1,2
CCCTCGATAATACACA-1,5
CCCTCGGGAGCCTTGT-1,3
CCCTGAAATGAGTTGA-1,4
CCCTGACTAACAAATT-1,4
CCCTGATGTAACTCGT-1,3
CCCTGCCCAATCCGCT-1,4
CCCTGCGCTACGCATA-1,4
CCCTGGTATGGGCGGC-1,2
CCCTTCTCGTACGCGA-1,3
CCCTTTAATGGAGTTC-1,2
CCCTTTGACAGGTCTT-1,7
CCGAAAGTGGTGAGCA-1,2
CCGAACACTGGGCCTC-1,7
CCGAACCTTCCCGGCC-1,7
CCGAAGCATTGACCAA-1,5
CCGAAGTATATTGTTC-1,1
CCGACAAACACATGAG-1,3
CCGACAAAGGGAGTGC-1,4
CCGACAATAGGCCGCC-1,2
CCGACGGGCATGAGGT-1,5
CCGACGTAAACACAAC-1,6
CCGACTCGCATAGTCT-1,2
CCGAGAAGTCGCATAA-1,2
CCGAGCTGTGCTTGTC-1,6
CCGAGGGATGTTAGGC-1,2
CCGATCTCAACCTTAT-1,1
CCGATTCGAGGGACCC-1,4
CCGATTGGTCAATGAA-1,3
CCGCACAAAGACCAAC-1,4
CCGCACGTGACCTCGG-1,1
CCGCACTTGCAATGAC-1,1
CCGCATGTGGTACGAT-1,7
CCGCCACCACAATCCA-1,3
CCGCCGGAACTTCTCG-1,5
CCGCCGGTCAACACAC-1,1
CCGCCTGCGAATTGGT-1,6
CCGCGGAATGCGTCAC-1,5
CCGCGGGTACGAAGAA-1,4
CCGCGTAGGTAAGGGC-1,1
CCGCTATCAGCACCAG-1,7
CCGCTCCAGGGCGATC-1,7
CCGCTCTTCCGAACTA-1,1
CCGCTGGTGCCATTCA-1,2
CCGCTTACCTCACTCT-1,5
CCGCTTCGCGGTTAAC-1,3
CCGCTTGCTGACATGG-1,2
CCGGAAGTGCAATATG-1,1
CCGGAATGGTTTCAGT-1,1
CCGGAGCGTACTTTCT-1,7
CCGGCACGACCGTTTC-1,2
CCGGCGCATATTGGAT-1,1
CCGGCGTGAGACTCTG-1,7
CCGGGACCCGCAGAGA-1,1
CCGGGCGGTCTCGTCA-1,4
CCGGGCTAAGAATTTC-1,5
CCGGGCTGCTCCATAC-1,4
CCGGGTTCGAGGTTAC-1,7
CCGGTAATGGCTAGTC-1,2
CCGGTTTGTAATTGTG-1,5
CCGTAAGTTGGTCCCA-1,4
CCGTACCCAAGCGCCA-1,3
CCGTAGGAAATCCCTG-1,1
CCGTAGGGTTGTTTAC-1,2
CCGTATCTCGTCGTAG-1,5
CCGTATTAGCGCAGTT-1,6
CCGTCAACCTCTGGCG-1,5
CCGTGCCCATGACGGC-1,2
CCGTGGAACGATCCAA-1,6
CCGTGTTAAATTCCAT-1,5
CCGTTACGTTAGAACA-1,1
CCGTTCCGAATCTCGG-1,7
CCTAAACAGGGTCCGT-1,3
CCTAAAGGCTGACGCT-1,1
CCTAAATTAACGGTTC-1,7
CCTAAATTGTATCCTA-1,2
CCTAACCCAAACAAGT-1,1
CCTAACTAAGGCTCTA-1,1
CCTACAAGTCCGGAAT-1,6
CCTACATTCACAGACG-1,5
CCTACGCGACCTTACA-1,3
CCTACGGCTCAGTCGA-1,2
CCTACTGCTTACACTT-1,4
CCTAGGCGTAGCGATC-1,4
CCTAGGTAAAGGTAGC-1,5
CCTAGTTAGTCGCATG-1,1
CCTATAATGAGTGCCC-1,4
CCTATACCGTCCTGTC-1,5
CCTATATCGTGTCACG-1,5
CCTATATTTGTCCTGG-1,7
CCTATCTATATCGGAA-1,1
CCTATGAAGTGGTGCC-1,2
CCTATGGCTCCTAGTG-1,5
CCTATGGGTTACCGTC-1,4
CCTATGGTCAAAGCTG-1,7
CCTATGTCCACTCCAC-1,1
CCTCACCAATCTTGAC-1,2
CCTCACCTGAGGGAGC-1,6
CCTCACCTTAGCATCG-1,6
CCTCATGCAGCTACGA-1,3
CCTCCCGACAATCCCT-1,2
CCTCCGACAATTCAAG-1,4
CCTCCTAGCTAGAGTC-1,5
CCTCCTGTTGTGTCGT-1,1
CCTCGAAGTGGACGGG-1,1
CCTCGACCCACTGCCT-1,2
CCTCGCCAGCAAATTA-1,1
CCTCGCGCGATATAGG-1,1
CCTCGCGCTGTGCGAT-1,7
CCTCGGACCGGGATAG-1,4
CCTCGGATGCTACCTG-1,1
CCTCGGTTTCCTTGCC-1,5
CCTCTAATCTGCCAAG-1,4
CCTCTACAAGGATTGG-1,5
CCTCTATCGATTAGCA-1,5
CCTCTCTCCCATCTAG-1,7
CCTCTGGCCTAGACGG-1,1
CCTCTGTACTATTCTA-1,7
CCTGAACGATATATTC-1,4
CCTGAATATTTACATA-1,4
CCTGACCACCGATGGT-1,7
CCTGACGCAACCTTTA-1,2
CCTGCGATAGAACTGT-1,3
CCTGCGTTCTACGCTT-1,1
CCTGCTATTTGAGAAG-1,4
CCTGGAAACGTTCTGC-1,2
CCTGGCTAGACCCGCC-1,4
CCTGGTCGAATGTGGG-1,4
CCTGTAAGACATGATA-1,7
CCTGTACTCACGCCCA-1,7
CCTGTCACCCGGGCTC-1,7
CCTGTCGCCCGTAAAT-1,7
CCTGTCGTGTATGAAG-1,5
CCTGTGCGGATTGTAA-1,3
CCTGTTTGAAGACACG-1,1
CCTTCAGTTAAAGTGA-1,5
CCTTCCGCAACGCTGC-1,5
CCTTCGTATAGAATCC-1,7
CCTTCTCAGCGTTCCT-1,4
CCTTCTTGATCCAGTG-1,1
CCTTGACCACTTTATT-1,2
CCTTTAAGGGAGCACT-1,5
CCTTTCAATGAAGAAA-1,1
CCTTTGAATTATGGCT-1,5
CGAAACATAGATGGCA-1,1
CGAAACGCAATTCATG-1,7
CGAACAGTATGGGCGT-1,1
CGAACCCGCATGCGTC-1,5
CGAACGCCCAGTGCCG-1,1
CGAACGGCCGGACAAC-1,7
CGAAGACTGCCCGGGA-1,3
CGAAGCCACAGCATGG-1,5
CGAAGCTATAAATTCA-1,6
CGAAGGGTTTCAGATT-1,5
CGAAGTTGCTCTGTGT-1,4
CGAATCTGCTCGACGC-1,5
CGAATGAAGTCATTGC-1,5
CGAATGACGCATAATG-1,7
CGAATTACATGGTGTT-1,3
CGACAATTTGATCTAA-1,1
CGACACGCTCCGACAG-1,1
CGACAGTTCGCGTTAT-1,7
CGACATGCGATCTTCT-1,2
CGACCCTTAACGCCGG-1,7
CGACGCATCCGTACCT-1,5
CGACTCAGGATGTTAT-1,1
CGACTTTGTATAGCCT-1,2
CGAGACCCTAGAGTGT-1,7
CGAGAGATGTGAACCT-1,4
CGAGAGCTTTCACTAC-1,1
CGAGAGGGTAGCCGCG-1,6
CGAGATGTTGCCTATA-1,3
CGAGATTTCGCTCGGG-1,2
CGAGCACTTCAAGTTT-1,1
CGAGCGTTGATCAGCC-1,2
CGAGCTGGGCTTTAGG-1,1
CGAGGCCAGGCATTGG-1,3
CGAGGCTAAATATGGC-1,4
CGAGGGACTGCGGTCG-1,4
CGAGGGTATCCAGGTG-1,7
CGAGTACTAAAGAGGA-1,7
CGAGTGAAGGTACCAG-1,5
CGAGTGCTATAGTTCG-1,3
CGAGTTCTGTCCCACC-1,4
CGAGTTTATCGGACTG-1,1
CGATAATACTCAGGTT-1,2
CGATACCTCGCGGACA-1,7
CGATAGCGATACAGTG-1,5
CGATAGTCGTACTGCA-1,1
CGATCCGACCCAGTGC-1,7
CGATCCTCGCAACATA-1,5
CGATCTGTTGGAGGAC-1,7
CGATGGACCCTACGCC-1,6
CGATGTTGTTATCTAC-1,5
CGATTAAATATCTCCT-1,7
CGATTCGCCTGGCTGC-1,4
CGCAAACACGAGTTAC-1,1
CGCAATTACTTTCGGT-1,1
CGCAATTAGGGTAATA-1,4
CGCAATTCTACAATAA-1,1
CGCACATGTCCACTAC-1,4
CGCACGTCTGTTTATG-1,5
CGCACGTGCGCTATCA-1,1
CGCAGAAACATTTGCG-1,2
CGCAGATCTTCACCCG-1,2
CGCAGGCGATCCAAAC-1,1
CGCATCATGGCTTCAG-1,1
CGCATGCCGAATGCGT-1,1
CGCATGGTGCGATGCT-1,7
CGCATTAGCTAATAGG-1,4
CGCCAAGAAGCCGAGT-1,4
CGCCACAGGTCGCGAT-1,7
CGCCACCCGCATTAAC-1,3
CGCCATCCGATTATGA-1,4
CGCCCAGCACGCCTAG-1,7
CGCCCAGCGTTTCACG-1,1
CGCCCGCTTCCGTACA-1,1
CGCCCTAATTGTTCAA-1,5
CGCCCTTGAAGGCTGA-1,1
CGCCGCCCATGCCTGT-1,4
CGCCGTTCAGCATAGT-1,2
CGCCTCCCTCCTCTAT-1,7
CGCCTGGCCTACGTAA-1,7
CGCCTTTAGCATGCTC-1,2
CGCGAAGTGGCATACT-1,1
CGCGACCGCGACAGAT-1,4
CGCGAGAGGGACTTGT-1,6
CGCGAGTCTGCCGGGT-1,5
CGCGCAAATGTCCAGA-1,5
CGCGCAAGGAACTACA-1,3
CGCGCATGTTTGATTG-1,7
CGCGCCCGACTTAATA-1,4
CGCGGCAGTATTACGG-1,3
CGCGGCTCAACTTGAA-1,1
CGCGGGAATTAGGCAG-1,4
CGCGGTCACAAACCAA-1,6
CGCGTCATATTAAACC-1,3
CGCGTGCTATCAACGA-1,3
CGCGTTCATGAAATAC-1,4
CGCTACCGCCCTATGA-1,3
CGCTACGGGACATTTA-1,7
CGCTAGAGACCGCTGC-1,6
CGCTATACCGCCCACT-1,3
CGCTATTCAATGTATG-1,1
CGCTATTCTTAGGCTC-1,7
CGCTCGACATAATGAT-1,1
CGCTCTCCGTAGATTA-1,4
CGCTGAGGACGTCCAA-1,3
CGCTGGTGACTACCCT-1,1
CGCTGTGACGCCGCAC-1,4
CGCTGTGTGGATGTTG-1,5
CGCTTAGTATTGATAC-1,7
CGCTTATTCCCGGTCG-1,7
CGCTTCCACTGAAATC-1,1
CGCTTTCATACCGGTG-1,1
CGCTTTCTTGCATTCG-1,4
CGGAAAGAATCAAACG-1,5
CGGAAATTTCACATCC-1,2
CGGAACGTAAACATAG-1,5
CGGAGCAATTTAATCG-1,7
CGGAGCATGGCGATCC-1,7
CGGAGCTTATAACACC-1,1
CGGAGTTTGAGAGACA-1,4
CGGATAAGCGGACATG-1,3
CGGATCCTCAAGGACT-1,4
CGGATGAATGCTGTGA-1,5
CGGCAAACATCGTGCG-1,7
CGGCAATAAGATCGCC-1,2
CGGCACCGTTAGCGCC-1,1
CGGCACTCAAGAAAGT-1,3
CGGCAGGGTCGGGTTG-1,1
CGGCCACGCACAAAGT-1,7
CGGCCAGAGCGACCAT-1,5
CGGCCCAACCTGTAGT-1,2
CGGCCCAGGTATATCC-1,6
CGGCGCCATCAATCCC-1,1
CGGCTCTAAAGCTGCA-1,2
CGGCTCTTCGTCGAAC-1,2
CGGCTGCAAGATTAAG-1,2
CGGCTTTGTATGATAA-1,2
CGGGAACGCCCTGCAT-1,5
CGGGAAGTACCGTGGC-1,5
CGGGAATATAGTATAC-1,6
CGGGAATTTATGTAAA-1,7
CGGGAGCTTCAGTGTA-1,1
CGGGAGTATACCGCCG-1,3
CGGGATCAATGTAAGA-1,4
CGGGCAGCTAAACCGC-1,7
CGGGCCATAGCCGCAC-1,3
CGGGCCTTCTTTGTAA-1,7
CGGGCGATGGATCACG-1,4
CGGGTGTACCCATTTA-1,4
CGGGTTTGTTAGGGCT-1,2
CGGTACTAGAATCAAA-1,4
CGGTAGAGGTGCAGGT-1,1
CGGTATAGGTATTAGC-1,6
CGGTCAAGTGGGAACC-1,4
CGGTCCGTCGCAAGCC-1,7
CGGTCTATCAACCCGT-1,1
CGGTGAAGACTAAAGT-1,4
CGGTGCAGATAGAACG-1,7
CGGTGCGCGTTGGTCC-1,5
CGGTGGGCTCCAGCCT-1,6
CGGTGTACTTGATCCC-1,2
CGGTTATCCAACAGTG-1,1
CGGTTCAAGTAGGTGT-1,6
CGGTTCCGGCTTCTTG-1,3
CGGTTGACCTGGCATA-1,7
CGGTTGAGTATCCTTC-1,5
CGGTTGGGTTCAAGTT-1,6
CGGTTTATGAAGGAAC-1,6
CGTAAACGCTTGAGTG-1,3
CGTAAAGCAAGAAATC-1,5
CGTAACTTCGACACTT-1,7
CGTAATAATTACGAGT-1,3
CGTACCGAAAGTCTAG-1,3
CGTACCTGATAGGCCT-1,4
CGTAGAGAGTAATTAT-1,1
CGTAGCGAATTGTCAG-1,1
CGTAGCGCCGACGTTG-1,3
CGTATTAAGAGATCTA-1,7
CGTCAAGGCTATAAAT-1,1
CGTCACGTCCATTGGT-1,7
CGTCAGCTATTTACTC-1,3
CGTCAGTGCGCACAAG-1,2
CGTCAGTTTATCGTCT-1,3
CGTCATACCATATCCA-1,1
CGTCGCATGTGAGCCA-1,4
CGTCGCTTGGTTATAC-1,5
CGTCGGATAGTGTTGA-1,1
CGTCGGGTCTAAGCGC-1,5
CGTCGTCCTTCGCGAA-1,4
CGTCTGGAAGGGCCCG-1,1
CGTGAAGTTAATTCAC-1,7
CGTGACATTGGGTCGT-1,1
CGTGACCAGTCCTCTG-1,7
CGTGCAGACTGGGACA-1,7
CGTGCATTGTCGACGC-1,7
CGTGCCCGACATTTGT-1,3
CGTGCCCTCCCGAAGA-1,4
CGTGCTGGCCTAGTCG-1,3
CGTGCTTCTACCTAAA-1,5
CGTGGCCGAATATCTA-1,1
CGTGGTACCCAAAGGC-1,5
CGTGTCCCATTCGCGA-1,4
CGTGTCTCGTTACGAC-1,5
CGTTAAACTAGTTAGG-1,2
CGTTAATGTCCCGACG-1,1
CGTTAGCTCACAACTG-1,1
CGTTCAAGGAAACGGA-1,5
CGTTCAGACCCGCGAA-1,7
CGTTCATGGTGCGCGT-1,7
CGTTCTTCGCACACCT-1,6
CGTTGAATACCGCGCT-1,4
CGTTGAGCGACCGTCG-1,7
CGTTGAGTAATTGCGT-1,6
CGTTGCCCGCGTGGGA-1,5
CGTTGTAAGATTGATT-1,6
CGTTGTCGGCAATTGA-1,7
CGTTGTTTCAATTCCC-1,7
CGTTTAAGCGGAGCAC-1,1
CGTTTCACTTCGGGCG-1,1
CGTTTCGCTCATTACA-1,7
CGTTTGTGTAGAGGGT-1,5
CTAAACGGGTGTAATC-1,3
CTAAAGAATGCCTACT-1,7
CTAAAGGGAAATAGGA-1,7
CTAAATCCGGTGTACA-1,5
CTAAATCCTATTCCGG-1,4
CTAACCGCGCGCCCGT-1,7
CTAACGAAACTTGCTG-1,1
CTAACTGATAATCGCC-1,6
CTAACTGGTCCGGTTC-1,5
CTAAGGGAATGATTGG-1,7
CTAAGTACAGGGCTAC-1,3
CTAATTCGCACGCGCT-1,4
CTAATTCTCAGATATT-1,6
CTAATTTCAACAACAC-1,1
CTACAAGAAATAACCC-1,5
CTACACTAGCTTGTTC-1,3
CTACACTCGCAGATGG-1,6
CTACATATCGCGGGAC-1,5
CTACCCTAAGGTCATA-1,4
CTACGAACTAGGTCGA-1,2
CTACGACTAGCTATAA-1,7
CTACGATCCTATCCTA-1,5
CTACGCACGGAGTACC-1,7
CTACGCCATTTCCGAT-1,1
CTACGTGTTGCCACCA-1,3
CTACTATCATAGGTTT-1,5
CTACTATCTTTCAGAG-1,1
CTACTCAAGGTATAGT-1,5
CTACTCTAGGCCCGGC-1,4
CTACTGCCACCTGACC-1,4
CTAGACTGCATTTCGT-1,6
CTAGATAAACTCCTCG-1,3
CTAGATGTGAGTGTAA-1,6
CTAGATTTACGACGGC-1,7
CTAGCAACTAATTTAC-1,3
CTAGCATAGTATAATG-1,7
CTAGCCGATGTTATGA-1,6
CTAGGCGCCCTATCAG-1,1
CTAGGCGGCAGAGAAT-1,3
CTAGGGATAGGGACAA-1,5
CTAGGTCTGAAGGAAT-1,6
CTAGGTTCGGACGTGA-1,4
CTAGTAGAAAGGGATT-1,4
CTAGTATTCGGAATTA-1,1
CTAGTCACGTCTTAAG-1,7
CTAGTGAAGGACAGGA-1,7
CTAGTTACAACCCGGT-1,7
CTAGTTGGGCCCGGTA-1,4
CTATAAGAGCCAATCG-1,6
CTATAGGCGTTGATGT-1,5
CTATATCCAGCCTGGC-1,5
CTATCGACGAAATACA-1,1
CTATCGGGTCTCAACA-1,7
CTATGCCCGAATGCAA-1,7
CTATGGGAAGCGGAAT-1,2
CTATGTCACTAGCCCA-1,7
CTATGTCTATTGAAAC-1,2
CTATGTGAGTCACGGC-1,7
CTATTCATGTGTCCCA-1,7
CTATTGTGTTTGGTCA-1,6
CTATTTGCTTGGAGGA-1,7
CTATTTGGTTACGGAT-1,4
CTCAAACCACTGCCCG-1,5
CTCAACTAACCCGGAT-1,1
CTCAAGACATTAGCGC-1,6
CTCACATTTACTAAAT-1,7
CTCACTGTGATACTTA-1,4
CTCACTTGGCTGGTAA-1,7
CTCAGGACTCACCTGT-1,2
CTCAGTCACGACAAAT-1,6
CTCATAAATGTGTATA-1,1
CTCATGGCTCACAATC-1,1
CTCATGGTAATTTGCG-1,5
CTCATTGCTCTAACAA-1,4
CTCATTTGATGGGCGG-1,4
CTCCCAATGAGTCGCG-1,2
CTCCCTCCTTTCGATC-1,5
CTCCGCCCACATGAGG-1,7
CTCCGGCCTAATATGC-1,1
CTCCGGCTTGTAGACA-1,3
CTCCTAAGTTATGTCT-1,3
CTCCTCCAGCTCACAC-1,7
CTCCTGTTCAAGGCAG-1,2
CTCCTTTACGCAAGTC-1,6
CTCGAATGGAACGTAT-1,2
CTCGAGACATACGATA-1,5
CTCGAGATCCAAAGCA-1,3
CTCGAGGTCGAACAGT-1,7
CTCGATATTTGCGAGC-1,6
CTCGCACCTATATAGT-1,4
CTCGCATTGCATAGCC-1,5
CTCGCCGAATGTAGGG-1,7
CTCGGGCATCGTCGGG-1,3
CTCGGGTTCTCTGGCC-1,5
CTCGGTACCACTGCTC-1,4
CTCGGTCCGTAGCCTG-1,1
CTCGGTTGTCGGCCCT-1,5
CTCGTCGAGGGCTCAT-1,5
CTCGTTACGGCTACCA-1,5
CTCGTTTCTAATGTTT-1,6
CTCTAATGCATTGATC-1,6
CTCTACACTGGCGATT-1,4
CTCTACATCCTGCGTG-1,7
CTCTAGCCCTCGGAAA-1,1
CTCTATTTGGCTGCAG-1,7
CTCTCACAATCGATGA-1,7
CTCTCGATGTGCGCCT-1,3
CTCTCTAACTGCCTAG-1,5
CTCTGCGAAGCAAGCA-1,2
CTCTGGACGCCTGGTG-1,7
CTCTGTGCCTGCTATG-1,3
CTCTGTTTGAGGATTC-1,1
CTCTTCTATTGACTGG-1,1
CTCTTCTGGAAGTTAG-1,5
CTCTTGTCCCGCTTGG-1,7
CTGAAAGAGATCCGAC-1,1
CTGAATCCGAGACCTC-1,7
CTGAATTTATTGCCAG-1,6
CTGACTGCGCAGCTCG-1,6
CTGAGAAAGTTCGGCG-1,2
CTGAGCAAGTAACAAG-1,3
CTGATAGTGTATCTCA-1,1
CTGCAAATGGGCTCCA-1,3
CTGCAAGCACGTTCCG-1,2
CTGCACAACTACATAT-1,4
CTGCACCTGGAACCGC-1,1
CTGCACTCCAGTACAG-1,4
CTGCAGAGAATCAGAG-1,1
CTGCCAAGGTTGGAAG-1,1
CTGCCATGCATCACAT-1,7
CTGCCTAGCCACCAAG-1,2
CTGCCTTTAATACCTT-1,5
CTGCCTTTCTAGTAAA-1,1
CTGCGATTTCGAGATT-1,7
CTGCGGGTGAAATGTT-1,1
CTGCGGTAGTCACGTG-1,6
CTGCGTTACGATATAA-1,1
CTGCTGAGGCCACGAA-1,5
CTGCTTGGCGATAGCT-1,4
CTGGAAATGGATGCTT-1,7
CTGGAAGACACGGTGG-1,4
CTGGACGCAGTCCGGC-1,5
CTGGATTTACACTTGA-1,7
CTGGCATCCGAATGAG-1,5
CTGGCGACATAAGTCC-1,1
CTGGCGATTTACATGT-1,1
CTGGCGCACAGGTCTG-1,4
CTGGCGGGAATAAGTA-1,1
CTGGCTCCTGCGGGAT-1,3
CTGGCTGATTCATCCT-1,1
CTGGCTGCTAACGTAA-1,3
CTGGCTGGTTGTCAGT-1,7
CTGGGATAAATAATGG-1,4
CTGGGATCGCCCAGAT-1,3
CTGGGCCTGCTATATC-1,7
CTGGGCGGCCAAATGT-1,3
CTGGGTAGGCAGTTAA-1,4
CTGGGTTGAGTTAAAG-1,5
CTGGTAACACATAGAA-1,4
CTGGTAACGAGCTCTT-1,1
CTGGTCATTCCAATCC-1,1
CTGGTCCTAACTTGGC-1,2
CTGGTGAATGGGCCTA-1,5
CTGGTTCAACGCATCA-1,3
CTGGTTTCGAGCAAGA-1,4
CTGTACTTCTTAGCAT-1,7
CTGTAGCCATCTCACT-1,5
CTGTAGTGAGGATCGA-1,5
CTGTATGGTGTAGAAA-1,1
CTGTCAAATGGCTCGG-1,1
CTGTCACGCCAGGCGC-1,6
CTGTGCAGGGTAGGTC-1,7
CTGTGGTCGGGAGATA-1,1
CTGTTACCCAATCTAG-1,7
CTGTTCACTGCCTGTG-1,4
CTGTTCATCTCACGGG-1,1
CTGTTGTTCAGTCGTA-1,5
CTTAACTTACAGTATA-1,1
CTTAACTTCGAAGTAC-1,1
CTTACACGGTATTCCA-1,4
CTTACACTGGGAAATA-1,1
CTTAGCCTTCCACATG-1,4
CTTAGGTATAGACCAG-1,5
CTTAGTAGGCCTACAG-1,6
CTTAGTGTAGTAGCAT-1,4
CTTAGTTGAGGAATCG-1,5
CTTATGCGCTCAGGGC-1,4
CTTATGTTGACTACCA-1,3
CTTCAACTCCACTTGG-1,4
CTTCAGTGGTCGCCTA-1,5
CTTCATAGCTCAAGAA-1,1
CTTCATTGTCAGTGGA-1,7
CTTCCGCTCCGTGAAG-1,5
CTTCGATTGCGCAAGC-1,1
CTTCGGCCAATTGTTT-1,2
CTTCGTAGATAGGTGA-1,7
CTTCTATGTTGAAGTA-1,7
CTTCTATTAATGCTAG-1,5
CTTCTGGGCGTACCTA-1,5
CTTCTTACGTCGTATA-1,1
CTTGACCCGAAAGATA-1,2
CTTGAGGTTATCCCGA-1,3
CTTGAGTTAGGGTAAT-1,4
CTTGCAACCGCCTCCT-1,7
CTTGCCCAGGCTCTAC-1,7
CTTGGCCAAGCTGGGA-1,7
CTTGTACTTGTTGACT-1,1
CTTGTCAACATTCGAG-1,7
CTTGTCGTACGTGTCA-1,3
CTTGTGAGTCTTTGAC-1,3
CTTGTGCTCACCGATT-1,1
CTTGTTGCTGAGTCAA-1,4
CTTGTTTATGTAGCCA-1,2
CTTTAACTTTCAAAGG-1,4
CTTTAATATTGGTCGA-1,4
CTTTACCGAATAGTAG-1,4
CTTTAGGAACACTGTT-1,4
CTTTAGTGCTATTATT-1,7
CTTTCTGTGCGGGCTT-1,7
CTTTGAAACATATTCC-1,3
CTTTGCATCGCTCTTG-1,1
CTTTGGCGCTTTATAC-1,1
CTTTGGCTTTAGTAAA-1,4
CTTTGGGATTGTTGCA-1,5
CTTTGTCGAATGCTCC-1,5
GAAACAGATGACCACC-1,4
GAAACAGCCATGCAGT-1,1
GAAACATAGGAAACAG-1,5
GAAACCATGGTGCGCT-1,2
GAAACCGAATTACCTT-1,7
GAAACCTATACAAATG-1,7
GAAACTCGTGCGATGC-1,1
GAAACTCTAATGAAGG-1,1
GAAAGAACAGCGTTAT-1,6
GAAAGCAGTGCACTTT-1,7
GAAAGCCCTTTGGACC-1,4
GAAAGTGACTAACTGC-1,1
GAAATACCTGCTGGCT-1,2
GAAATACTAAACGTTT-1,2
GAAATATCACCATCAG-1,4
GAAATATGCTTGAATG-1,6
GAAATCGCGCGCAACT-1,1
GAAATGGCGGTGTTAG-1,7
GAAATGGGATGTAAAC-1,3
GAAATTAGCACGGATA-1,6
GAAATTCACATCGCTG-1,2
GAAATTGTCTCTATAA-1,7
GAACAACTGGGATGAA-1,1
GAACACACATCAACCA-1,1
GAACAGATTACTAAAT-1,4
GAACCATCTGGGAGAC-1,3
GAACCCTCTGTGTTCT-1,7
GAACCTCGACCTACAC-1,4
GAACCTTTAACGATCC-1,4
GAACGACCGAATGATA-1,1
GAACGCGGGTCACACG-1,2
GAACGTCTCATGGTCG-1,4
GAACGTTAGGAAGACG-1,4
GAACTGTGGAGAGACA-1,7
GAACTTAGCGCCCGGT-1,3
GAAGAAACGATATTGT-1,5
GAAGAACGGTGCAGGT-1,2
GAAGACTTCAATGCCG-1,3
GAAGCAAGGCAATGTT-1,3
GAAGCCACTGATTATG-1,4
GAAGCCTGCACATTCC-1,7
GAAGCGTGAGGAATTT-1,7
GAAGCTCGGACCCGTC-1,5
GAAGCTTGCTGACCGC-1,4
GAAGGAGTCGAGTGCG-1,7
GAAGGGCATAACCATG-1,3
GAAGTCAGTTGCACTA-1,7
GAAGTCTCCCTAGCGA-1,4
GAAGTGATTTATCGTG-1,7
GAAGTGCTGGATAGCT-1,1
GAAGTTTCCACTCAAT-1,7
GAATAGACGCGACCCA-1,4
GAATAGCCCTGCGGTC-1,6
GAATAGTGCTCGATTA-1,5
GAATATTCGGAGTCCC-1,1
GAATCGACATGGTCAC-1,4
GAATCGCCGGACACGG-1,3
GAATCTATACTCGGAC-1,2
GAATCTGAACATTCTC-1,7
GAATGCCGAAATGACC-1,1
GAATGCGAATCGGTTC-1,4
GAATGTATGGCAGGTC-1,1
GAATGTGGTCCGGATT-1,4
GAATGTTGGGTAATCT-1,4
GAATTATAGTGAAAGG-1,7
GAATTCACCCGGGTGT-1,7
GAATTTCTCGCTGCAG-1,1
GACAAACATATGCAGG-1,1
GACAACGACCATTGAA-1,4
GACAACGCAGCTTACG-1,1
GACAAGAGATGAGATT-1,2
GACACAAGGGAAGAAA-1,4
GACACCCAAAGACGCG-1,5
GACACGAGTTAGAGGA-1,1
GACACTGAGTTCAGTG-1,5
GACACTGGAACCCGAT-1,2
GACAGATTTCTGGCTC-1,4
GACAGCCAGACCTGAC-1,4
GACAGGCACACACTAT-1,4
GACATCCGTCGAACTG-1,4
GACATCGATTTATAAC-1,5
GACCAAACGTTGACTG-1,2
GACCAGAGCCCTGTAG-1,7
GACCAGGTCATTCATA-1,3
GACCCAATTATGATAC-1,5
GACCCGTCGCCGGCTA-1,2
GACCGACGTGAAAGCA-1,2
GACCGACTGAAGCGTC-1,4
GACCGATTAAATATGT-1,5
GACCGCGTCTGACGTG-1,2
GACCGTCAGGTCGTGA-1,1
GACCGTGCTGACGGTG-1,7
GACCTTCCACGTCTAC-1,4
GACGACGATCCGCGTT-1,7
GACGAGGCTAATAAAC-1,6
GACGCATACCCGTCGG-1,5
GACGCCGTAAAGGCTA-1,7
GACGCCTGTTGCAGGG-1,3
GACGCTTGCTTCTAAA-1,7
GACGGACCGCGTTCCT-1,3
GACGGGATGTCTTATG-1,3
GACGGGCATCGAATTT-1,1
GACGGGTTGGCCCGTA-1,7
GACGGTCAATAGAAGC-1,6
GACGTGTAGGGATTAT-1,1
GACTAACACAGCACCT-1,2
GACTAAGATCATGCAC-1,4
GACTAAGTAGGCTCAC-1,4
GACTACAAAGCGGTGG-1,5
GACTACAATTGCTCGT-1,2
GACTAGGCCGTTAGGT-1,4
GACTCACCCACGTGAG-1,6
GACTCCCAGAATAAGG-1,2
GACTCCTTCCAATTGA-1,5
GACTCGCGGGAATGAC-1,1
GACTGATTGGTCACAA-1,6
GACTGCAAATCGAGCT-1,4
GACTGCACCAGCCCAG-1,4
GACTGCGGCACGTGTA-1,1
GACTGCTGGTGAGAAA-1,5
GACTGGGCGCCGCAAC-1,2
GAGACCCTGCAACGCC-1,6
GAGACTGATGGGTAGA-1,4
GAGACTTCGCGACCGA-1,7
GAGAGGGCGCGAGGTT-1,7
GAGAGGTGCATTCTGG-1,7
GAGAGTCTCGGGAGAG-1,5
GAGATCTGCTTGGCAT-1,7
GAGATCTGTCACTCCG-1,4
GAGATCTTCCATGACA-1,4
GAGATGGGAGTCGACA-1,4
GAGCACCTGTGTCCAG-1,4
GAGCATCAACAACTTG-1,5
GAGCATCATCCCTGGG-1,3
GAGCCACGGTAGTAGG-1,3
GAGCCAGCTACCTGTG-1,1
GAGCCGAGCGTTTATT-1,6
GAGCGAGGGAGTACCG-1,1
GAGCGCAAATACTCCG-1,2
GAGCGCGCACGAGTAG-1,1
GAGCGCTGTTAGGTAA-1,5
GAGCGGAATGCGGTGT-1,5
GAGCTAAGGGCATATC-1,4
GAGCTCTCGGACCTAA-1,2
GAGGAATGGAGAGGTT-1,1
GAGGAGATCCTCATGC-1,3
GAGGAGTAATTCCTAC-1,3
GAGGATAAACAGTGCT-1,2
GAGGCCCGACTCCGCA-1,5
GAGGCCTGTTGATACA-1,2
GAGGCTATCAAAGTCG-1,4
GAGGGAGTCAGATCGC-1,5
GAGGGCATCGCGTATC-1,3
GAGGGCGCAGCTCTGC-1,4
GAGGGTAGTAACAAAG-1,5
GAGGTACATCCATCTT-1,1
GAGGTACGCGTGTCCC-1,7
GAGGTCCCAAAGATCT-1,2
GAGGTCTTAGTGGGTC-1,3
GAGTAAACCGGAAAGT-1,2
GAGTAAGGCCACGGGA-1,7
GAGTACGGGTATACAA-1,2
GAGTAGATACTAGTTG-1,7
GAGTATACCCTAATCA-1,5
GAGTATGCCCGCCTTG-1,5
GAGTATGCGCGTGCAT-1,4
GAGTCAGACCAGAATC-1,5
GAGTCCGCTTACCGGA-1,7
GAGTCGACAGACCCTC-1,1
GAGTGTCAACCAGAAA-1,4
GAGTGTGCGGTACCCA-1,4
GAGTTGATGGCAATTT-1,5
GAGTTGTCACCAGTCT-1,5
GATAAATCGGTGGATG-1,2
GATAACTCGCACTGTG-1,4
GATAAGGCAGATGCAA-1,3
GATACGATGGGAGTCA-1,5
GATAGAACCCGCTAGG-1,7
GATAGGTAACGTTGAC-1,7
GATAGTGCGAGTAAGT-1,5
GATATCAGTATGTATC-1,3
GATATCTCATGCAATA-1,1
GATATGAGACACTAAC-1,4
GATATGCGGTAGCCAA-1,1
GATATGGATTACGCGG-1,1
GATATTGAGATTGGCG-1,1
GATATTTCCTACATGG-1,1
GATCAACATAAAGGGA-1,5
GATCATTCCAAACATT-1,7
GATCCCTTTATACTGC-1,4
GATCCGGGAATTAACA-1,7
GATCCTAAATCGGGAC-1,1
GATCCTCGACACTGGC-1,5
GATCCTCTTGCGCTTA-1,2
GATCGACACTATCTGA-1,4
GATCGCGGGCTCTCCA-1,7
GATCGCTACCCGATTT-1,1
GATCGCTATATCTCAG-1,5
GATCGCTGTGGTGCGT-1,5
GATCGGATAGAACCAT-1,4
GATCGGCGATAAGTCG-1,3
GATCGGTGGCCATAAC-1,4
GATCGTGACTGATATC-1,7
GATCTCGACGCTGTGG-1,2
GATCTGCTATCTAAGG-1,7
GATCTTGGAGGGCATA-1,7
GATCTTTGCAGGGTAT-1,7
GATGACAAGTAGGGCA-1,5
GATGACGATGATCGCG-1,6
GATGAGGAACCTTCGG-1,4
GATGATTTGAAACTGG-1,3
GATGCCACACTACAGC-1,3
GATGCCAGCAGAAGGC-1,1
GATGCCTTCTGCGGCA-1,5
GATGCGTCCTGCATTC-1,7
GATGCTACAAGCGCCT-1,1
GATGCTACCTTCGATG-1,7
GATGCTGTATTTCATC-1,7
GATGGCGCACACATTA-1,1
GATGGTGCCCTAGGCA-1,1
GATGTAACGAACCACC-1,5
GATGTCCGGATCACAT-1,3
GATGTCGGTCAACTGC-1,1
GATGTGTTGTCACAAG-1,2
GATGTTCAATCCACGA-1,7
GATGTTTGTGCGAGAT-1,1
GATTAACCGAAAGCCC-1,1
GATTAATCCTGGCTCA-1,3
GATTACTGAATTTGGG-1,7
GATTCCCTTGTCGCAG-1,4
GATTCCGCGTTTCCGT-1,1
GATTCCTATACGGCGC-1,1
GATTCGACGGTTCACG-1,7
GATTGACACTCTGCTC-1,3
GATTGCTCCAGTTGCA-1,5
GATTGGGAAAGGTTGT-1,4
GCAAACCCTACATTAT-1,4
GCAAACCTTGGCCATA-1,7
GCAAACGTAAGCGACC-1,5
GCAAACGTCGCCAGGT-1,2
GCAAAGGGCGTTAGCC-1,5
GCAAATATTACGCTTT-1,7
GCAACACACTAGAACT-1,7
GCAACAGCAGTATGCG-1,6
GCAACCACCAGACCGG-1,1
GCAACCACGGCCGCGT-1,7
GCAACGGCTAGTTATG-1,2
GCAAGAATTCCTTGGC-1,7
GCAAGATGTGTTCGCG-1,6
GCAAGTGCACAGAGAA-1,1
GCAAGTGTAAAGCATG-1,5
GCACAAACCCTAGATG-1,5
GCACAAACGAGGCGTG-1,2
GCACAACCTCGGGCGT-1,5
GCACAAGTGTCGGAAG-1,1
GCACACACTGGTAGCC-1,1
GCACACGCCCATGGTC-1,4
GCACAGCACGGGCCGA-1,5
GCACGCCTACTTAGAT-1,5
GCACGTGGTTTACTTA-1,2
GCACTAGTCGCGCTAT-1,2
GCACTCCCACAGTCCC-1,3
GCACTGCCTACCTTTA-1,4
GCACTGTGCAAATGTA-1,3
GCAGACCCAGCACGTA-1,6
GCAGATCCATAAGACT-1,4
GCAGATTAGGGATATC-1,7
GCAGCACACAGCCCAG-1,7
GCAGCCTATATCACAT-1,2
GCAGGAACTTAGATCT-1,5
GCAGGACTATAGAATA-1,7
GCAGGTAGAGTATGGT-1,1
GCAGTGTGGCTATAGG-1,4
GCATACGAGGTCTTTA-1,4
GCATAGAGCACTCAGG-1,7
GCATCCCTAACTTTGA-1,2
GCATCGGCCGTGTAGG-1,1
GCATGAGGGACGCGGC-1,4
GCATGCTAATAACGAT-1,1
GCATTCAAGGCAACGC-1,2
GCATTCGAAATGAACA-1,1
GCATTGTAATTCATAT-1,7
GCATTTCCAAGGCTCC-1,2
GCCAACCATTTCCGGA-1,6
GCCAAGAATACTTCTG-1,7
GCCAATAGGGCATCTC-1,6
GCCACAATTTAAGGAC-1,7
GCCACTCAGAGCGCGA-1,1
GCCAGGAGTAACCGAT-1,1
GCCAGGCGTTCGCATG-1,2
GCCATATTGCACACAG-1,1
GCCATCGAGCTGCGTG-1,5
GCCATCGATGCTGCAT-1,6
GCCATTAGCCTCAAAC-1,5
GCCCACCAAGGCTGTC-1,3
GCCCAGTTGGTATGCC-1,1
GCCCATGGGTGCAATG-1,3
GCCCGACTTCTTCCCG-1,5
GCCCGAGAGTCTAAAT-1,5
GCCCGATCTGTGGTCG-1,7
GCCCGATGCCCAGTTC-1,5
GCCCGCGCGTAAACGG-1,5
GCCCGCGCGTTTGACA-1,1
GCCCGTAATACCTTCT-1,4
GCCCTAGCCGTCGCGA-1,5
GCCCTGAGGATGGGCT-1,4
GCCGAAATTCCTACGT-1,7
GCCGACCCACGACTGC-1,5
GCCGATTGGCCAAGCT-1,7
GCCGCATTAGTCCGGC-1,4
GCCGCTAGATACGCAG-1,3
GCCGCTTGTGAGAAAC-1,7
GCCGGAAACACATCTT-1,3
GCCGGGTTAGGGTCGC-1,7
GCCGGTCGTATCTCTC-1,7
GCCGGTTTGGGCGGAT-1,3
GCCGTCGGTTTCGGGC-1,5
GCCGTGGAAGAAATGT-1,2
GCCTACGTTCTGTGCA-1,4
GCCTAGCGATCTGACC-1,1
GCCTATAGTGTCAGGG-1,4
GCCTATTCCGATATAG-1,1
GCCTATTTGCTACACA-1,3
GCCTCATCTGGAAATA-1,1
GCCTCCGACAATTCAC-1,1
GCCTCTATACATAGCA-1,4
GCCTTCAGCCCTACCG-1,1
GCCTTGTATATGCAGT-1,3
GCCTTTGTCAGTGGAC-1,5
GCGAAACGATCGGGAG-1,6
GCGAAACTTAACTGGA-1,4
GCGAAGAATCTGACGG-1,4
GCGAAGCCATACCCGT-1,7
GCGACATGTAAACATC-1,6
GCGACCCAACCATCTG-1,5
GCGACGATAGTTGTAC-1,7
GCGAGAAACGGGAGTT-1,3
GCGAGAGTTGCGTCCA-1,6
GCGAGCGCATGCTCCC-1,6
GCGAGGCCCGAGCAGA-1,7
GCGAGTTCTGCAAAGA-1,7
GCGATTCTGGAAGCAG-1,1
GCGATTGTTAACGTTA-1,4
GCGCAAATATATTCAA-1,5
GCGCAAGAGCGCGCTG-1,1
GCGCATCCAGTCAGCA-1,1
GCGCCGTTCCACGATA-1,7
GCGCCTCCCACTCCGA-1,2
GCGCGATGGGTCAAGT-1,3
GCGCGGTCTAGTAACT-1,7
GCGCGTCATTGGTACA-1,4
GCGCTAAGTATGCATG-1,2
GCGCTAATTGAATAGA-1,7
GCGCTATGCCGAGGCA-1,7
GCGCTGATCCAGACTC-1,1
GCGCTGCTTTGCATTT-1,1
GCGCTTAAATAATTGG-1,1
GCGGACCGCGTTGTGG-1,5
GCGGAGAAACTTCGCA-1,5
GCGGAGAGGGAGAACG-1,4
GCGGCAAAGTATTGCC-1,5
GCGGCTCTGACGTACC-1,7
GCGGGAACCAGGCCCT-1,1
GCGGGCGAGCCTTACC-1,5
GCGGTAACCCAAATGA-1,3
GCGGTCCCTAGACGCA-1,2
GCGGTGAACTGCGCTC-1,1
GCGGTTCCCTATCATG-1,5
GCGTAAATGGCCATAA-1,1
GCGTCCAGCTCGTGGC-1,3
GCGTCCCTAAGACATA-1,5
GCGTCGAAATGTCGGT-1,1
GCGTCGCCAGGGTGAT-1,7
GCGTCTCTGCATTGGG-1,7
GCGTGGTACTGGGTTA-1,1
GCGTGTATGTCGTATT-1,3
GCGTTATATTTGGAAC-1,1
GCGTTCGGAGACCGGG-1,6
GCTAAACCTGAGGTGA-1,1
GCTAACTGAAGTCTGA-1,1
GCTAAGCCCAGTATGC-1,1
GCTAAGTAAAGGCGAT-1,1
GCTAAGTAGTTTCTCT-1,4
GCTAATACCGAATGCC-1,1
GCTACAATCGAGGATA-1,2
GCTACAGTACGGACCG-1,4
GCTACGACTTATTGGG-1,7
GCTACTATAGTAGAGT-1,1
GCTAGACCGTCTACTG-1,6
GCTAGAGTAGAGATGT-1,6
GCTAGCAGGGAGTGGG-1,6
GCTAGCGATAGGTCTT-1,5
GCTAGCTTGAATAGCT-1,5
GCTAGGCACCACGGAG-1,4
GCTAGTAGAGCTTGTA-1,7
GCTAGTTTCATTGAGG-1,1
GCTATACGTCTCGGAC-1,1
GCTATCATACTCATGG-1,4
GCTATCGCGGCGCAAC-1,1
GCTCAACCTCTTAGAG-1,3
GCTCAATCCGTTTATT-1,5
GCTCAATGTAATACCG-1,7
GCTCATTACTGCATGT-1,6
GCTCCATGCAAAGCAA-1,7
GCTCCCAGTCGGTCCA-1,2
GCTCCGCTCGCTTCAG-1,2
GCTCCTGACATACTGG-1,5
GCTCGCGGTTCCGCTC-1,1
GCTCGCTCATGTCCAA-1,1
GCTCGGAATTTAAAGC-1,1
GCTCTAAACCCTGACG-1,4
GCTCTATGTTACGTGC-1,4
GCTCTCGGGTACCGAA-1,4
GCTCTTTCCGCTAGTG-1,7
GCTGAATCTTCCAATC-1,5
GCTGAGGCGTGAGTAT-1,7
GCTGCACGGTTTCTTA-1,7
GCTGCTAAGTAGTCGA-1,7
GCTGCTACTGCGTAGC-1,4
GCTGCTCTCCGGACAC-1,7
GCTGGACCCAAAGTGG-1,6
GCTGGCATATTCACCT-1,4
GCTGGCGGCGCATGCT-1,7
GCTGGTTTAGGCCATA-1,5
GCTGTATTACTGGCCC-1,5
GCTGTCTGTGATCGAC-1,3
GCTGTTGCTACCGAAC-1,1
GCTTAATGTAACTAAC-1,4
GCTTATGAAGCAGGAA-1,4
GCTTCCAGCTTAGATT-1,3
GCTTCCGTCCCTAGAC-1,4
GCTTCGACGTTCAATC-1,5
GCTTGATGATAATCAG-1,1
GCTTGGATCGATTAGG-1,1
GCTTTCAGAGGAGGTG-1,1
GGAAACTAAATGGGCC-1,2
GGAAAGTCTTGATTGT-1,5
GGAAAGTGCCCATGCC-1,1
GGAACCGTGTAAATTG-1,5
GGAACCTTGACTCTGC-1,5
GGAACGGCCTGCAGCC-1,1
GGAACTTTGGCGATTA-1,2
GGAAGCTCGCTTACAG-1,1
GGAATAACCTCAAGAA-1,2
GGAATGCGCTAGCGTG-1,4
GGACACAAGTTTACAC-1,2
GGACCAACAGGATAAC-1,7
GGACCTACGGTAACGT-1,6
GGACCTCTAGGCCGCC-1,5
GGACGGCTTGCGCAAC-1,2
GGACGGGCGACCAACC-1,1
GGACTCGACAGCGCAT-1,5
GGACTCGTGAGTGGTC-1,5
GGAGAAGTCATTGGCA-1,1
GGAGACCATCTACATA-1,5
GGAGACGACACCTTTG-1,7
GGAGCAACATTTCAAG-1,6
GGAGCACCAAGAACTA-1,4
GGAGCGAGGCCTACTT-1,4
GGAGGATTGAAAGGAG-1,2
GGAGGCCGAAGTCGTC-1,2
GGAGGGCTTGGTTGGC-1,4
GGAGTGCCGCCCTGGA-1,1
GGAGTTGATTCTGTGT-1,1
GGATACTCATGAATTG-1,3
GGATCAAAGGACGAGG-1,3
GGATCATCCCGTACGC-1,6
GGATCCCTACCAGCTA-1,3
GGATCCGGAATATACT-1,4
GGATCTTACTGCCCTT-1,5
GGATCTTGACTCAACC-1,5
GGATGAAGATCGCTGA-1,1
GGATGACGCGAGTTTA-1,7
GGATGCTGGCGTTCCT-1,4
GGATGTCCTTACCGCA-1,4
GGATTAAGCTAAGGTC-1,2
GGATTCAGTACGGTGG-1,1
GGATTCCGCTATACCC-1,1
GGATTGCTGTGACTCC-1,4
GGATTTCACTTCTATA-1,4
GGCAAAGGCGCCAATA-1,5
GGCAAATTACTTTACT-1,7
GGCAAGCCCATAGTGG-1,7
GGCAAGGCGAAATAGC-1,7
GGCAATAGTCAATGAG-1,7
GGCACTCCACTGGGCA-1,7
GGCAGCAAACCTATGC-1,2
GGCAGCGGTAATCCTA-1,6
GGCATACAGGTAGCGG-1,4
GGCATATCGGTTCTGC-1,1
GGCATCAACGAGCACG-1,3
GGCCACAAGCGATGGC-1,3
GGCCCTCACCCACTTA-1,4
GGCCGAGACTCTGGTG-1,5
GGCCGGCGTCTGCTAT-1,4
GGCCGTTTGGGTTTCA-1,5
GGCCTGCTCTGATGTT-1,7
GGCCTGCTTCTCCCGA-1,2
GGCGAAATCTAACTTG-1,4
GGCGAGCATCGAGGAC-1,3
GGCGAGCGAAACGGCA-1,5
GGCGCAGGACATCTTC-1,7
GGCGCATGAATTGATG-1,7
GGCGCGGAGATCTTTC-1,1
GGCGCGTTCGAGTTTA-1,7
GGCGCTCCTCATCAAT-1,3
GGCGCTTCATTCCCTG-1,4
GGCGGAGTAATATTAG-1,7
GGCGGTAGGATCATTG-1,7
GGCGGTTTGCCGGTGC-1,3
GGCGTACCCTATATAA-1,3
GGCGTAGGGAAAGCTG-1,4
GGCGTCCTATCCGCTG-1,4
GGCTAAAGGGCGGGTC-1,6
GGCTACTATACACTCC-1,5
GGCTATTAAGTTGTAT-1,7
GGCTCCTCCACCTGTT-1,5
GGCTCGCGTTGAGGTA-1,1
GGCTCGTGCCACCAGC-1,1
GGCTCTGCTCCAACGC-1,4
GGCTGAAATAGCAAAG-1,4
GGCTGAGCATCGTAAG-1,6
GGCTGGCTAGCTTAAA-1,3
GGCTTTCAATAAGGGT-1,7
GGGAACCACCTGTTTC-1,3
GGGAACGGGAGGTTAG-1,7
GGGAACGGTTTCAGAT-1,5
GGGAAGACGGTCTGTC-1,4
GGGAAGGGCTTTCTCA-1,1
GGGAATGAGCCCTCAC-1,6
GGGACAGAGTTACTCC-1,5
GGGACCCGTATATCTT-1,7
GGGACTGCATAGATAG-1,7
GGGAGAACTCACAGTA-1,7
GGGAGCGACCGTAGTG-1,1
GGGAGGATGCCCGAAA-1,7
GGGAGTAATGGCTGGC-1,3
GGGAGTTAATGAGGCG-1,7
GGGATGGTCGTAACCG-1,5
GGGATTTACCGCACCT-1,4
GGGCAACCGCACGTGC-1,5
GGGCACGTAGTACTGT-1,7
GGGCAGAGCAATCGTT-1,7
GGGCAGGATTTCTGTG-1,5
GGGCCATTCGTGCTGG-1,5
GGGCCCGTCTTAAACA-1,7
GGGCCCTACGAAAGGG-1,4
GGGCCGGCCGAAGTAC-1,4
GGGCCTAAATGGGCTA-1,7
GGGCGAATTTCTCCAC-1,3
GGGCGATATGTGTGAA-1,4
GGGCGGCAAATGAATT-1,5
GGGCGGGTTCCCTACG-1,7
GGGCGGTCCTATTGTC-1,3
GGGCGTACATTTATAT-1,4
GGGCGTCACCACGTAA-1,5
GGGCGTCCACTGGCTC-1,1
GGGCGTGGTTTCCCAG-1,4
GGGCGTTTACATTCAT-1,5
GGGCTATGATCGATGG-1,5
GGGCTCATCGAACCCA-1,1
GGGCTGCCTAGGGCGA-1,7
GGGCTGGTTAGTCGCG-1,7
GGGTAATGCTGTGTTT-1,3
GGGTACCCACGGTCCT-1,3
GGGTACTTCATGAACT-1,7
GGGTATGTATGCACTT-1,1
GGGTATTCTAGCAAAC-1,5
GGGTCACCGTGACGGT-1,7
GGGTCAGGAGCTAGAT-1,7
GGGTCATGCGTACCAT-1,1
GGGTCCTTGGAAGAAG-1,5
GGGTCGTGGCAAGTGT-1,6
GGGTCTATCGCTTTCC-1,2
GGGTGACACCTTAACT-1,7
GGGTGCATATGAAAGC-1,2
GGGTGGTCCAGCCTGT-1,2
GGGTGTTTCAGCTATG-1,1
GGGTTAACATTTGAGT-1,5
GGGTTCAGACGAACAA-1,2
GGGTTTAGGATAGGAT-1,6
GGTAAACTCTGCGCTG-1,2
GGTAAATGTGCGTTAC-1,1
GGTAACCGGGAGGATA-1,5
GGTAACTATGTATCTG-1,2
GGTACAAACATGCTAT-1,7
GGTACATCTGGGACGA-1,4
GGTACCATTAAGACGG-1,6
GGTACGTTGCGGCCGG-1,2
GGTAGAAGACCGCCTG-1,4
GGTAGACCGTTGGGCG-1,7
GGTAGTGCTCGCACCA-1,7
GGTATAGTGACACATA-1,2
GGTATTGCCGAGTTTA-1,7
GGTCAAGACTACTTCG-1,2
GGTCAGTGGGTCCCAC-1,7
GGTCCTTCATACGACT-1,3
GGTCGGATAAACGGCG-1,6
GGTCGGCCAGGAGCTT-1,4
GGTCGGTAATTAGACA-1,3
GGTCGGTCGTCCACAG-1,5
GGTCGTAAGCTCGCAC-1,5
GGTCTCCGTCCAGGTT-1,2
GGTCTCTGAATGGACT-1,5
GGTCTGAGAATCTGGA-1,4
GGTCTTGAGCGCTCTT-1,7
GGTGAAACCGGGAATG-1,3
GGTGAAGTACAGGGAT-1,5
GGTGAGATGCAGATAA-1,2
GGTGATAAGGAGCAGT-1,4
GGTGATTTCATCTTGT-1,3
GGTGCAGAGCCTATCG-1,6
GGTGCATAAATGATTA-1,5
GGTGCGGATAAGTGGC-1,1
GGTGCTGATCACAAAG-1,1
GGTGCTGGTACACATT-1,7
GGTGGACTGCTCTGGC-1,4
GGTGTAAATCGATTGT-1,7
GGTGTAGGTAAGTAAA-1,7
GGTGTTCTGTTTCTAC-1,2
GGTTACCACCCTCGGG-1,7
GGTTAGCTATATGTCT-1,4
GGTTAGGCTTGGAGAA-1,4
GGTTAGTTACGGCGCC-1,1
GGTTCCACCCGCTTCT-1,3
GGTTCGCATTTGCCGT-1,1
GGTTCTACTCGTCTGA-1,6
GGTTGTATCGTGAAAT-1,3
GGTTGTGTAGCCTGGC-1,1
GGTTTAATTACCATCG-1,5
GGTTTACAATCTCAAT-1,4
GGTTTAGCCTTTCTTG-1,1
GGTTTCAATCGGTCAG-1,4
GGTTTGAGTGCTGGAA-1,2
GGTTTGTGACCTGAGG-1,2
GTAACATCTAAGATAA-1,2
GTAACTACGTAGACCT-1,5
GTAACTGCCCAAGGAG-1,5
GTAACTTGCGGCAGTC-1,3
GTAAGCGGGCAGTCAG-1,4
GTAAGGATTTGTCGGA-1,1
GTAAGTAACAGTCTGG-1,4
GTAAGTAGGGTATACC-1,1
GTAATAAAGGGCTCCC-1,6
GTAATCTGATTCTTCG-1,5
GTACACTTACCTGAAG-1,7
GTACAGAGGCAAGGGT-1,4
GTACGACGGCGCTGCG-1,3
GTACGAGATTGCGACA-1,1
GTACGCTTCATTGCAC-1,7
GTACGTCACGTATTAA-1,6
GTACGTTTGCCCGTCA-1,7
GTACTAAGATTTGGAG-1,4
GTACTCCCTTATCGCT-1,7
GTACTCCTGGGTATGC-1,6
GTACTGAGGTCGTAAC-1,2
GTACTGCATGAAGCGT-1,3
GTACTGGAGTTAGACC-1,4
GTACTTGGGCACTTCT-1,2
GTAGAAACGGGTGGAG-1,1
GTAGACAACCGATGAA-1,3
GTAGACACGCCTGACT-1,7
GTAGACGTCGTTACAT-1,3
GTAGAGGGAGACAAGT-1,5
GTAGCCAAACATGGGA-1,7
GTAGCGCTGTTGTAGT-1,3
GTAGCGGCTATACACT-1,7
GTAGCTAGTAAGCGCG-1,2
GTAGCTCCGGGAGGCT-1,5
GTAGCTTCCTCTTGTT-1,4
GTAGGTGATCCGTGTA-1,1
GTAGTCGCGGGAATCA-1,4
GTAGTCTACGATATTG-1,4
GTAGTTCGAAGGCGAA-1,5
GTATAGGACTCAGTAG-1,1
GTATAGTGGCCCATGT-1,2
GTATATGTTACGGCGG-1,3
GTATCAAACGTTAGCT-1,6
GTATCAGCTTGGGTTC-1,1
GTATCCTTTGGTAACC-1,1
GTATCTCAGTCTTGAC-1,5
GTATCTCCCTAACTGT-1,3
GTATCTCGGGCGCTTT-1,5
GTATCTTGTTGCTCAC-1,3
GTATCTTTCATAACCA-1,7
GTATGAAATTTCACTC-1,5
GTATGACGTGGGAAAC-1,3
GTATGTGGGTCTAGTT-1,4
GTATTAAGGCGTCTAA-1,1
GTATTCTGAGAAACGA-1,5
GTATTCTTACCGTGCT-1,3
GTCAAAGAAGTGGTGT-1,5
GTCAAAGTTTACATAG-1,3
GTCAACCAGGCCTATA-1,1
GTCAAGCGGACTCGGG-1,4
GTCAATTGTACTGAAG-1,3
GTCACAAAGTTTCCAA-1,2
GTCACCTGTCTATGTC-1,3
GTCACTCTCCAAATCT-1,1
GTCAGAATAGTCTATG-1,4
GTCAGTTGTGCTCGTT-1,1
GTCAGTTTGGTAGTCG-1,1
GTCATGCACCTCCGTT-1,7
GTCATGCGCGAGGGCT-1,1
GTCATGGACATGACTA-1,4
GTCATTAGAGCGAACG-1,7
GTCATTGCATTGACCC-1,1
GTCCAATATTTAGCCT-1,7
GTCCAGGCACGTGTGC-1,5
GTCCATTACTGCTACG-1,6
GTCCCAACGTAAAGTA-1,7
GTCCCGCGACGTTATG-1,4
GTCCGGACCTGAAATT-1,1
GTCCGGCTGAATTGCG-1,4
GTCCGGGTTCACATTA-1,4
GTCCTACAGGCGGCTC-1,3
GTCCTACGAATAGTCT-1,1
GTCCTAGGATACCTTA-1,5
GTCCTTCTAGTGGGTT-1,1
GTCCTTTAATGACTTC-1,6
GTCGAATTTGGGCGCT-1,5
GTCGCCGTTGTGTGTT-1,5
GTCGCGTAACCCGTTG-1,7
GTCGGATATCTCAGAC-1,4
GTCGGATGTAGCGCGC-1,1
GTCGGGAAGCAGAAAC-1,7
GTCGTACCATCTCGGG-1,7
GTCGTATTGGCGTACA-1,1
GTCGTCAATTATAAGG-1,2
GTCGTGTCTGGTCATC-1,2
GTCGTTATTCGCTTAT-1,4
GTCTACTCAATTACAA-1,4
GTCTAGTGAGCCGCTT-1,1
GTCTATCTGAGTTTCT-1,7
GTCTATTGCATGCTCG-1,2
GTCTATTGGTTCCGGT-1,1
GTCTCAAGGCCCGGCT-1,7
GTCTCCCGAGTCCCGT-1,1
GTCTCCGCCTCAATAC-1,7
GTCTCCTGCCAGTATG-1,5
GTCTCGACTAAGTTTG-1,2
GTCTCGATCTGCTTTC-1,1
GTCTCGCCAACACGCC-1,3
GTCTGGGCGGTCGAGA-1,5
GTCTGTAGGTTGAACA-1,5
GTCTTAGTACAGCCGG-1,1
GTCTTGTAGCTATTCA-1,2
GTGAAACGGCGCCACC-1,1
GTGAAACGTGCTCCAC-1,3
GTGAACTCCCATTCGA-1,6
GTGAAGATTTCAAGTG-1,6
GTGAAGCCGTATAGTC-1,6
GTGACAGCTTCCCACT-1,4
GTGACCGCACACTACG-1,4
GTGACGAGGGTGACCC-1,2
GTGACGCAGGTTTCAT-1,4
GTGACTTCAGTAGTGC-1,5
GTGAGATAACCTTATA-1,5
GTGAGCGTGCTGCACT-1,4
GTGAGGACACTTAAGG-1,4
GTGAGGAGCGGTTGAG-1,1
GTGAGTGGTACAACGC-1,7
GTGATCAAGCGTGCAC-1,5
GTGATCACTAACGCCT-1,1
GTGATCATAGATCTGC-1,7
GTGATCCTTGTCATGA-1,4
GTGATGCACAACATCT-1,6
GTGATTCGCCGCTCAA-1,5
GTGCAACAAATGTGGC-1,1
GTGCACCAGCTTCAAC-1,7
GTGCACGAAAGTGACT-1,1
GTGCCATCACACGGTG-1,7
GTGCCCGTTCGGATTC-1,4
GTGCCGCTTCAAAGGT-1,5
GTGCCTCAGTGTACGG-1,6
GTGCGAAATCGAACAC-1,5
GTGCGACAGGGAGTGT-1,1
GTGCGCAGCTTGCTCC-1,3
GTGCGCTTACAAATGA-1,3
GTGCGGGACCATCGGC-1,3
GTGCGGGTCTCCAAAT-1,1
GTGCGTGTATATGAGC-1,4
GTGCTCAAGTACTGTC-1,7
GTGCTTACATCAGCGC-1,2
GTGGAACCTACATGCG-1,1
GTGGACCAACCCGATT-1,7
GTGGACGCATTTGTCC-1,7
GTGGACGTGCTGAGAC-1,1
GTGGAGCGTTTACCGA-1,5
GTGGAGTCGGCGGTTG-1,5
GTGGCAAACAGCGGCA-1,5
GTGGCCGGTTTCTCGG-1,5
GTGGCGGGCCGTAGCT-1,3
GTGGCGGTCCCAGCGT-1,7
GTGGGAAGACTGAATC-1,7
GTGGGCTTAGACACAC-1,4
GTGGTATAGTCTGCCG-1,5
GTGGTCAGCGAAGTAT-1,2
GTGGTGGCCAAGTGAA-1,4
GTGGTTACTTCTTTCG-1,6
GTGGTTTCCGCCTTTC-1,7
GTGTACCTTGGCTACG-1,4
GTGTATATCAGCGGGC-1,4
GTGTCAGTGTACGTGG-1,5
GTGTCCGATAAGGCAT-1,3
GTGTCGTATAGCGTTC-1,4
GTGTGAATAACTTAGG-1,4
GTGTGAGCCGAGGTGC-1,3
GTGTTACTATGCGTCC-1,7
GTTAAAGTAGGACTGG-1,4
GTTAACATCACTTAAA-1,4
GTTAACTATGTTGTCA-1,2
GTTAAGGGTGCGATGT-1,4
GTTAATGTCTATCTTA-1,1
GTTACAATTGGTGACG-1,7
GTTACCTACAACTTGC-1,7
GTTACGAAATCCACGC-1,3
GTTACGGCCCGACTGC-1,3
GTTACTTTGGGCCTAG-1,7
GTTAGAGTGTGCCGCT-1,2
GTTAGCCCATGACATC-1,4
GTTAGCCGTAAATCAA-1,2
GTTAGGCTACCCGTTT-1,5
GTTATAATACGGTGAA-1,2
GTTATATTATCTCCCT-1,7
GTTATCACCTTCTGAA-1,3
GTTATTAAATACGACC-1,2
GTTATTAACGTGGGAG-1,1
GTTCAATCTATGTCAA-1,2
GTTCACAGGAGTCTAG-1,4
GTTCAGTCGCCAAATG-1,7
GTTCATCGTTTGGCTG-1,6
GTTCCAAGACAGCGAC-1,3
GTTCCAGTCTGACCAT-1,1
GTTCCGTCCGCCTGCA-1,5
GTTCGACAATTGTATA-1,5
GTTCGCCATAAGTGCC-1,7
GTTCGCTGAGACGTCT-1,2
GTTCGGAGCACTCAAC-1,2
GTTCGGATCGGGAACA-1,2
GTTCGGGCGTACCATT-1,6
GTTCGTCTAAAGAACT-1,1
GTTCGTTGCGGACCAG-1,3
GTTCTTCCCTCGATGT-1,1
GTTGAACCGGTTCCAT-1,7
GTTGAGTCCCGCCGGT-1,4
GTTGCACGGAGTTTCG-1,4
GTTGCCCTAACGGGTG-1,5
GTTGCGGACGGTCAGG-1,2
GTTGGATTCAGTGGCT-1,6
GTTGGATTGAGAACAC-1,4
GTTGGATTTGCGTTGG-1,7
GTTGGTCATGCTATCC-1,7
GTTGTAGATTTATGAG-1,7
GTTGTCGTGTTAGTTG-1,1
GTTTACGTTCCATCTG-1,7
GTTTCAAACGAGTTGT-1,2
GTTTCATATCGTCGCT-1,7
GTTTCCTGGAGGGTGA-1,4
GTTTCTGCAGTCTCCC-1,7
GTTTGACCAAATCCTA-1,7
GTTTGAGCGGTTATGT-1,3
GTTTGGCCCAAGTTAT-1,4
GTTTGGCCGCTCAGCG-1,3
GTTTGGGCTTGTGAGC-1,7
GTTTGGGTTTCGCCCG-1,1
GTTTGGTAGGGTCAAC-1,7
GTTTGGTGATCGGTGC-1,5
TAAACCCAGGAGGGCA-1,5
TAAACGTCGTCAATGA-1,3
TAAAGAGCCCGAAACC-1,2
TAAAGCGGTATTTCCA-1,7
TAAAGCGTTAGGAGAA-1,4
TAAAGCTGCAATAGGG-1,6
TAAAGGAGAAACTAGT-1,3
TAAATGAATCCGTTTC-1,1
TAAATGCCGTCTCATG-1,6
TAAATTTAGTAACACC-1,5
TAACAAAGGGAGAAGC-1,1
TAACAATATTTGTTGC-1,1
TAACAGCGTTTGTGCT-1,5
TAACATACAATGTGGG-1,7
TAACATACACGCGATC-1,5
TAACCGCCCGCAGTGC-1,2
TAACCTACCGTCCGAG-1,1
TAACCTAGGGAGTCCA-1,2
TAACGCTTTGAGAGCG-1,1
TAACTATCGAAGGTCC-1,1
TAACTATTACGCCAAA-1,6
TAACTCATCCGCGCGG-1,7
TAACTCCATGGAGGCT-1,1
TAACTGAAATACGCCT-1,5
TAAGAGGGACAGGGAC-1,5
TAAGATTTAGCGGGAG-1,3
TAAGCAGGCGACACGC-1,4
TAAGCGCGAATCAAAT-1,5
TAAGGAACTTGTGGGA-1,2
TAAGGCAACATAAGAT-1,4
TAAGGCATAACATCAA-1,5
TAAGGCCCGTCACCCT-1,4
TAAGGCTGAATCCCTC-1,1
TAAGGGCCTGTCCGAT-1,1
TAAGGGCTGGGAGAGG-1,4
TAAGTAAATGTGCCGC-1,2
TAAGTAACATCTTGAC-1,5
TAAGTCGCCGAGTATC-1,5
TAAGTTGCGACGTAGG-1,1
TAATAAACAAGGAGAT-1,1
TAATACACAGTAGTAT-1,4
TAATACTAGAACAGAC-1,4
TAATAGAACAGAGTTA-1,5
TAATAGGTCACCAGAA-1,5
TAATAGTGACGACCAG-1,4
TAATATTGAAATTCGC-1,1
TAATCGATCCGTACGT-1,1
TAATGAAAGACCCTTG-1,1
TAATTACGTCAGTAGA-1,2
TAATTAGATGGATATG-1,3
TAATTAGGACATCCGT-1,2
TAATTGCGCTGATTAC-1,5
TAATTGGAATCGGGAA-1,6
TACAAATTGCGGAGGT-1,3
TACAACGCACAACTCA-1,7
TACAAGCTGTTCACTG-1,3
TACAAGTCTCGTGCAT-1,4
TACAATGAAACCAGCA-1,3
TACAGAAACGGTGGGC-1,4
TACATAGGCATACACC-1,7
TACATCCCTATCCCTG-1,7
TACATTTCTAACGTGC-1,7
TACCAAATAGCCCAGA-1,7
TACCAATAAAGTACCA-1,4
TACCAGAAGTAGGTTC-1,5
TACCAGCTAGGTTTAA-1,1
TACCAGGAATCCCGTC-1,5
TACCGAATAATTGTAA-1,1
TACCGCGGACTTGCAG-1,1
TACCGGCTCACTGCCC-1,7
TACCGGTCGTTTCCAT-1,7
TACCGTAGGTTAACTA-1,7
TACCGTGCCTCGGACC-1,7
TACCTACTCCCAGTAT-1,7
TACCTCACGCTTGTAC-1,1
TACCTCAGTTGTCTGT-1,7
TACCTCCACACCAATG-1,5
TACCTGCTGCACTGTG-1,1
TACCTTAAGATTTCCC-1,5
TACGAACACGACTTCA-1,7
TACGACGCTTGCTGCG-1,7
TACGACTGCCTCTTAG-1,7
TACGAGAACTTCACGT-1,7
TACGATGTTGATCATC-1,7
TACGCAGTTCTTTCCT-1,7
TACGCCATATTCTAAT-1,7
TACGCCGAGGGTACCC-1,5
TACGCCTCCATTCCGA-1,7
TACGCTATAGAAACCT-1,6
TACGCTCGGTATTGGA-1,2
TACGCTGCTGTGTTAA-1,5
TACGGAAGCCAAACCA-1,4
TACGGGATGCTAGCAG-1,1
TACGTAAAGCGGAGTG-1,2
TACGTACTAGTGCTGA-1,5
TACGTGCACTATGCTG-1,1
TACGTTTACCGGCAAT-1,7
TACTATGGTTCCTCAG-1,5
TACTCCTCTAGTTGAC-1,5
TACTCGGCACGCCGGG-1,4
TACTCTCCGAACAAAT-1,1
TACTCTTACTTTACTG-1,2
TACTCTTTCGTCTTCA-1,5
TACTGAACAGATTTAG-1,5
TACTGAGGGAAGAAAG-1,5
TACTGCAATCAATTAC-1,6
TACTGGACAGCTCGGC-1,4
TACTTGTTAGTAGTCC-1,4
TACTTTACTGAGCCGG-1,1
TACTTTCCGCACGCCA-1,7
TAGAAACCACTAAGTA-1,2
TAGAAAGGTGGCGCTA-1,4
TAGAAATTCACGTATA-1,4
TAGAATAGCCGATGAA-1,1
TAGAATTAAGGGCAAC-1,1
TAGACGAAACGCCAAT-1,4
TAGACGCCCGTACCGG-1,4
TAGACTACCTAGCGTT-1,6
TAGACTCAGTTGGCCT-1,5
TAGAGATCATGCAACT-1,7
TAGAGCTACGAAGAAC-1,1
TAGAGGTTCTACTTGT-1,1
TAGAGTCTAAGCGAAC-1,7
TAGATATGGACTGGAA-1,7
TAGATCCGAAGTCGCA-1,1
TAGATGGTTCCTTACT-1,1
TAGATTCAAAGTGCGG-1,5
TAGATTCCTGGTTATT-1,1
TAGCAACCTGTCACAA-1,1
TAGCAGTATGACTAAA-1,1
TAGCCAGAGGGTCCGG-1,3
TAGCCATTTCAAAGTC-1,4
TAGCCGGCGGTCAGCG-1,4
TAGCGTCCCTCGATTG-1,2
TAGCGTCCGGTGTGGT-1,4
TAGCGTTGGGTCTTAC-1,7
TAGCTAAGTCCGGGAG-1,7
TAGCTAGAAGGCATGA-1,5
TAGCTAGTGATGATGG-1,5
TAGCTCGCCTGATAAC-1,7
TAGCTGATGTGAAGCG-1,4
TAGGAACAGCCTCCAG-1,2
TAGGCATGTTACGCCA-1,1
TAGGCCTATATAGTCT-1,2
TAGGCGATGAGGTCTC-1,5
TAGGCGGCTGCAAAGA-1,5
TAGGCTAAAGTGGCAC-1,1
TAGGGAGCTTGGGATG-1,1
TAGGGTGTTTCAAGAG-1,4
TAGGTCCAAGTAAGGA-1,1
TAGGTCGCCGGAACTG-1,1
TAGGTGACGATAACCT-1,4
TAGGTGAGCCCTACTC-1,4
TAGGTGCTCGCCTAGC-1,4
TAGGTGTTCCACAGAT-1,7
TAGGTTCGAGTTCGTC-1,7
TAGGTTCTGCTGAGAA-1,7
TAGTACCACAACTTTC-1,5
TAGTACCTTAGTGGTC-1,1
TAGTAGCTTATACCAG-1,5
TAGTCCCGGAGACCAC-1,5
TAGTCCGCAGAGAATG-1,7
TAGTCCGTATGCATAA-1,3
TAGTCCTGCACTAAGC-1,5
TAGTCGATCACGGGTT-1,1
TAGTCGGGATTCTTCG-1,3
TAGTCTAACAACGAGA-1,7
TAGTCTGTGACGTTGC-1,6
TAGTCTTTCCGAATTG-1,2
TAGTGAGAAGTGGTTG-1,3
TAGTGCCCTCCAGAGT-1,7
TAGTGCTTGAATCCTT-1,3
TAGTGGAACTCATACA-1,2
TAGTGTCAGAAACGGC-1,1
TAGTTAAGATAGGATA-1,1
TAGTTTATTCTTGCTT-1,1
TATAAATCCACAAGCT-1,1
TATAAGTGAGGATAGC-1,1
TATACACAGACGCCTT-1,7
TATACACGCAAAGTAT-1,1
TATACGCGTCATCACT-1,7
TATACTCATGCGGCAA-1,2
TATAGAGTCGCTTGAA-1,5
TATAGATGGTCGCAGT-1,6
TATAGCGCACGTTATC-1,7
TATAGGGTACTCATGA-1,4
TATAGTTAGGTGTACT-1,5
TATATAGGGCTTTACG-1,5
TATATATCGAGAAATG-1,5
TATATCAAAGTGATCT-1,5
TATATCCCTGGGAGGA-1,1
TATATTACAAATGTCG-1,6
TATATTCGCGTCGATA-1,2
TATCACAGCACGGGCA-1,3
TATCACCATGTAAAGT-1,6
TATCACCCAACCGACC-1,6
TATCACTTCGAGTAAC-1,6
TATCAGTGGCGTAGTC-1,5
TATCCAATTGGTTATC-1,4
TATCCATATCATGCGA-1,1
TATCCATCTCGGTTAG-1,5
TATCCGCACCGTCGGG-1,7
TATCCTATCAACTGGT-1,7
TATCCTGCATGGGAAT-1,1
TATCGATCTATGCATA-1,1
TATCGATGATTAAACG-1,4
TATCTACAGAGGTAAT-1,1
TATCTACCACAGCGGG-1,7
TATCTAGCCTAAAGGA-1,4
TATCTGAGCCGATATT-1,5
TATCTTGCAATACAAC-1,5
TATGAAGAATTAAGGT-1,1
TATGAAGACAGGTGCG-1,1
TATGATAAATCTAACG-1,2
TATGATCCGGCACGCC-1,2
TATGATCTTCTCTTTA-1,1
TATGATTCTGCTTGGT-1,3
TATGCTCCCTACTTAC-1,4
TATGGAGTTTCTCGTT-1,3
TATGGATGTGCTACGC-1,4
TATGGCCCGGCCTCGC-1,4
TATGGGACCGAGCAGG-1,7
TATGGGTACGTATCGT-1,7
TATGGTCTGAGTAACA-1,7
TATGGTTAGTGGGAGA-1,6
TATGTAAAGTGCTTAA-1,5
TATGTAGAAACCCGGC-1,5
TATGTCAAGACCGACT-1,1
TATGTCTCATTGTGCC-1,4
TATTAACACCAAAGCA-1,5
TATTAACCTGACCGCG-1,5
TATTACCATCCTGCTT-1,1
TATTATGTTTGCCTGC-1,5
TATTCAATTCTAATCC-1,7
TATTCCACTCAGCTCG-1,7
TATTCCGAGCTGTTAT-1,4
TATTCCGGCAGTCCTA-1,3
TATTCCTCCGCCCACT-1,5
TATTCGTGCCAGAATA-1,7
TATTTAGTCTAGATCG-1,1
TATTTATACCGAGTAG-1,1
TATTTGATTTGCACAG-1,2
TATTTGTTACCCTTTA-1,4
TCAAACAACCGCGTCG-1,4
TCAAACTTAGATTGTT-1,7
TCAAAGTCACGGCGTC-1,5
TCAAATTGTTGTGCCG-1,4
TCAAATTTGAGACTCA-1,4
TCAACAAAGATAATTC-1,5
TCAACACATTGGGTAA-1,3
TCAACATAGCGCCCTA-1,5
TCAACATCGACCGAGA-1,7
TCAACCATGTTCGGGC-1,4
TCAACGAGGAGACAAA-1,7
TCAACGCAGGAAATAA-1,5
TCAACGCGACCGGCAG-1,7
TCAACTAACGTATAAC-1,1
TCAACTGCAGAGTCAG-1,2
TCAAGAAATACTAGCT-1,2
TCAAGCGCGGACGGTA-1,2
TCAAGGTTACTACACC-1,1
TCAATACGCCGTCATG-1,7
TCACAAACCGAGGTAC-1,1
TCACAGCAAACTCGAA-1,5
TCACAGGAGAATAAGA-1,5
TCACAGGGAATCGCAA-1,4
TCACAGGTTATTGGGC-1,7
TCACATCTTATCTGAT-1,1
TCACCCTCTTAAGATT-1,7
TCACCGCTCGGCACTC-1,1
TCACGATGTCCGTGGA-1,5
TCACGCATTGTAGATC-1,7
TCACGGCCCAAGAGAG-1,5
TCACGGTCATCGCACA-1,1
TCACGTGCCCGATTCA-1,7
TCACTACGACCAATGC-1,6
TCACTATCGTGCAATC-1,3
TCACTCAGCGCATTAG-1,3
TCACTCGTGCAACGGC-1,1
TCACTCTTCGTCTGTC-1,3
TCAGAACCTCCACAGG-1,6
TCAGACGCTATAGAAG-1,7
TCAGCAAATGCATCTC-1,7
TCAGCAGTAGGCCCTG-1,5
TCAGCCAATCCGTAAA-1,2
TCAGGGCGCAAACTCG-1,1
TCAGGGTGCACGAAAC-1,2
TCAGGGTGTAACGTAA-1,4
TCAGGTTCTTTGAGAA-1,4
TCAGTACTGACCCGCG-1,1
TCAGTAGGGACTATAA-1,5
TCAGTGTATACGTCAT-1,5
TCAGTTACGGAATGAT-1,2
TCATACTTACAGATCC-1,1
TCATATGAGCTTTGTT-1,7
TCATCACTCGAGCTCG-1,2
TCATCCCAGAGGGTGG-1,1
TCATCCTCAGCTGCTT-1,1
TCATCGATGGTCCCAA-1,5
TCATGCAGGTTCTCAT-1,1
TCATTTAAGTCTCCGA-1,1
TCATTTAGAAGTGTGA-1,2
TCCAACTCAGCTATCT-1,1
TCCAACTTTAAATTCT-1,7
TCCAAGCCTAGACACA-1,4
TCCAATAAAGGCTACC-1,7
TCCACAATGGTTTACG-1,4
TCCACATCGTATATTG-1,7
TCCACCAAGACATAGG-1,1
TCCACCTCTAGCCTTT-1,7
TCCACTTTATCTAGGT-1,4
TCCAGAGCACCGGTTC-1,7
TCCAGCGCTATAAGCG-1,2
TCCAGGCGAGTACGGT-1,7
TCCAGGGTATATACGA-1,7
TCCATCAATACTAATC-1,5
TCCATTAGTTGGATAG-1,3
TCCATTGTGACCTCGT-1,2
TCCCAAACAGACAACG-1,6
TCCCAAAGACGAAGGA-1,4
TCCCACGGAGGGAGCT-1,3
TCCCACTCTCTTCCGG-1,6
TCCCAGCTTTAGTCTG-1,7
TCCCAGGCTTAGCTAA-1,4
TCCCGCGTACTCCTGG-1,4
TCCCGGGTGTGCTGCT-1,4
TCCCGGTCAGGAATTT-1,3
TCCCGTCAGTCCCGCA-1,4
TCCCGTGTGCAATTTG-1,4
TCCCTCCGAAATCGTT-1,3
TCCCTGGCGTATTAAC-1,5
TCCCTGGCTCGCTGGA-1,4
TCCCTTAGATTACTCG-1,1
TCCCTTGTCTGAAACT-1,1
TCCGAACTTGGCTTAC-1,4
TCCGAAGTAGTCACCA-1,6
TCCGAATGGTCCTGAG-1,2
TCCGACCGCTAATCAA-1,5
TCCGAGAAGGCTAAGC-1,3
TCCGATAATTGCCATA-1,1
TCCGATGACTGAGCTC-1,4
TCCGATGGTGCGACAT-1,4
TCCGATTACATTGCCG-1,4
TCCGCAGCCACCTAGC-1,3
TCCGCCTGTCTACAAG-1,4
TCCGCGGCAGCATCTG-1,4
TCCGCGGCCCAATGAA-1,1
TCCGCTGTCATCCCGG-1,4
TCCGCTTATCCCATTA-1,7
TCCGGAGGAAGGGCTG-1,6
TCCGGCCTAGCGTACA-1,6
TCCGGCCTGCATCGAT-1,2
TCCGGGCTTGACGGGA-1,1
TCCGGTTCGTCCGGTC-1,7
TCCGTAACCACAATCC-1,2
TCCGTTAAGCTAATAT-1,1
TCCGTTTAGCCTTGAA-1,4
TCCTAAAGATTCAGAC-1,4
TCCTAAATTGGGAAGC-1,4
TCCTAACCGTCGGGCA-1,5
TCCTACATCCACGGCC-1,4
TCCTAGCAAAGAAGCT-1,7
TCCTCCTAAGACATTC-1,7
TCCTCGGGCTGGGCTT-1,4
TCCTCTACGAGATGGC-1,1
TCCTCTCCAGTTGTCC-1,1
TCCTCTGGCCCATTAG-1,1
TCCTGCCAACTGGAGA-1,1
TCCTGCGTTGATACTC-1,7
TCCTGGCGCTGCCTGG-1,6
TCCTTACGACGGTCCG-1,1
TCCTTCAGTGGTCGAA-1,1
TCCTTGTCCTTTAATT-1,7
TCCTTTAAATCCGCTT-1,1
TCCTTTCTTACGCTTA-1,7
TCGAAATTTAGGACCA-1,4
TCGAAGAACCGAGCAC-1,1
TCGAATATCCCGCAGG-1,5
TCGACAACTGAACCCG-1,5
TCGAGACCAACACCGT-1,7
TCGAGCCAGGCAGGCC-1,5
TCGATAGGCTAGTCGC-1,3
TCGCAAAGATGCATTT-1,4
TCGCACCAGGAGGCAG-1,4
TCGCATAAAGGGCGCA-1,2
TCGCATCCCTAAGTGT-1,2
TCGCATTCAATGACTT-1,3
TCGCCGAAGTTGCGTC-1,7
TCGCCGACATATTCGC-1,1
TCGCCGGTCGATCCGT-1,1
TCGCGCGTTTACATGA-1,5
TCGCGTAGCAGTGTCC-1,6
TCGCGTCCAGAAGGTC-1,4
TCGCTAAACCGCTATC-1,1
TCGCTACTGGCTTTGA-1,4
TCGCTCGATATATTCC-1,7
TCGCTCGGCACCAGCG-1,6
TCGCTGCCAATGCTGT-1,4
TCGCTGGGCGGATTGT-1,4
TCGCTGTGCGTAAATC-1,1
TCGCTTTAAACGTTTG-1,1
TCGGAATGACCATCAA-1,2
TCGGAATGCGCTCTGA-1,4
TCGGACGCCCAGCCCA-1,4
TCGGAGAGTATCGGGA-1,7
TCGGAGTACATGAGTA-1,7
TCGGAGTCCTGGTTGC-1,5
TCGGCGAACCCAAACC-1,2
TCGGCGTACTGCACAA-1,7
TCGGCTAACTTCCCTT-1,2
TCGGCTTGTATCGACG-1,1
TCGGGAACGTGCCTAG-1,2
TCGGGAGACAGCGTAC-1,4
TCGGGATTCAAACATA-1,4
TCGGGCACTTCTGGAT-1,3
TCGGGCCGTCGTGGTA-1,4
TCGGGTGAAACTGCTA-1,2
TCGGTCCCGACAATAG-1,5
TCGGTCCCTGACTCCA-1,1
TCGGTGACCGCTCCGG-1,6
TCGGTTAGCCATGTAG-1,2
TCGTAAGACGACATTG-1,4
TCGTAAGCTCCGAGGA-1,6
TCGTACCGACGTCAAG-1,7
TCGTATAGTGCAATTA-1,1
TCGTATTACCCATTGC-1,4
TCGTATTTCGTCCGGA-1,2
TCGTCAAGTACGCGCA-1,5
TCGTCACACTGTTAGC-1,1
TCGTCCGCTGGCGTCT-1,1
TCGTCTTAGGCGTTAA-1,4
TCGTGTACTATGGATG-1,4
TCGTGTATTGGTCACG-1,2
TCGTGTCACGCTGACA-1,7
TCGTGTTCGACCACAA-1,2
TCGTTAGGAGTCCCTA-1,7
TCGTTCGTTATTATGT-1,1
TCGTTGCTATCCGGTC-1,5
TCGTTGGCTCGTCAAT-1,3
TCTAAAGAACAGTCTC-1,5
TCTAACTGTATGTAAA-1,1
TCTAATACTGCCTCAG-1,5
TCTACACGTTCATGCA-1,2
TCTACCCAATAGAGAG-1,2
TCTACCGTCCACAAGC-1,4
TCTAGCAATCTCCGCC-1,7
TCTAGCATCTTCGATG-1,1
TCTAGCATGCCCAGAA-1,7
TCTAGGTGGCGACGCT-1,6
TCTAGTGATATCGTGG-1,1
TCTAGTTATCAGAAGA-1,7
TCTATCATGCAGTTAC-1,1
TCTATCGGTCGCAACA-1,4
TCTATGCTATAACGAC-1,1
TCTATTACGCTGGCGA-1,3
TCTATTACTAGAGGAT-1,4
TCTCATGAGATAGGGT-1,4
TCTCCAACGTAGGTTA-1,1
TCTCCACAAGTTGAAT-1,1
TCTCCCTGGGCAGCGT-1,4
TCTCGAACGAGGTCAC-1,6
TCTCGACGTATCGCCG-1,2
TCTCGAGGAGGTTCGC-1,2
TCTCGGCTCCAGGACT-1,3
TCTCTAATAGCTGGTA-1,1
TCTCTCGCCGCACATA-1,2
TCTCTTACCGCGAACC-1,5
TCTGAACCGGTCGGCT-1,1
TCTGAACTCGTACCCG-1,1
TCTGAAGCACGTGGTC-1,4
TCTGAATTCCGTACAA-1,1
TCTGACTGTAATGGTT-1,3
TCTGAGCAATTGACTG-1,2
TCTGATGTATTCTGTC-1,4
TCTGCATACCTTGCTT-1,1
TCTGCCAGAAACTGCA-1,4
TCTGCGTCCGGTTTCT-1,3
TCTGGGAACCTTTGAA-1,1
TCTGGGTAGCGCTCAT-1,7
TCTGTCATACAAGAGC-1,3
TCTGTGACTGACCGTT-1,3
TCTGTGCCATCATAGT-1,4
TCTGTGGCTACATTTC-1,3
TCTGTTACCCAGCATA-1,5
TCTTACAGAGGTACCG-1,2
TCTTACCGGAACTCGT-1,1
TCTTACGGCATCCGAC-1,1
TCTTACTTATGCCTCT-1,1
TCTTAGAGCTCCAATT-1,2
TCTTAGAGTGAACTCT-1,6
TCTTATGGGTAGTACC-1,3
TCTTCCCATGGGCACA-1,1
TCTTCGAATAGACGTT-1,7
TCTTCGATACCAATAA-1,7
TCTTCTATAACCCGCC-1,2
TCTTGATGCGTAGCGA-1,7
TCTTGCTCCCGATACT-1,7
TCTTGGTAACACCAAA-1,4
TCTTTAAGACTATGAA-1,1
TCTTTAGAGTCTAACA-1,2
TCTTTCTCTTAAGGAG-1,2
TGAAACCTCAACTCAC-1,3
TGAAACTTATGCAAGC-1,1
TGAAAGGACCTGACTC-1,4
TGAACAAGCAGGGACT-1,5
TGAATACCGACGCGTA-1,4
TGAATGAGTGTTTCCC-1,7
TGAATGTCAGCCGGCC-1,2
TGACACTTCTCTTTGC-1,6
TGACAGAAATCTTGCT-1,5
TGACAGGACAAGTCCA-1,5
TGACATCGAGCGGACC-1,1
TGACATGTAACGTGAC-1,7
TGACCAAATCTTAAAC-1,7
TGACCAGCTTCAAAGT-1,2
TGACCCAACTCACATT-1,3
TGACCCACGTTAGACA-1,7
TGACGAATATTTCCCT-1,7
TGACGATGCACTAGAA-1,1
TGACTATAATCCTTTC-1,7
TGACTCCGAATCATAC-1,5
TGAGAATGCTTTACCG-1,1
TGAGAGATTTACCACG-1,4
TGAGATCAAATACTCA-1,2
TGAGATTAGGCCCTAA-1,1
TGAGCCATACAGTCTC-1,7
TGAGCGGAAAGTGTTC-1,7
TGAGCTTTAATGACGC-1,1
TGAGGAGTGCCAGCTT-1,7
TGAGGCATGTACTGTG-1,5
TGAGGTGTGTGGCGGA-1,7
TGAGGTTGATCCCAAG-1,3
TGAGTAAATTAGCGTA-1,7
TGAGTGCCTCTTAAAT-1,5
TGAGTGGTCCGTGACG-1,4
TGAGTTAAAGACATTC-1,2
TGATACATTTAGCCGT-1,5
TGATAGCGGGATTCTA-1,1
TGATCACCACACTGAC-1,7
TGATCAGGGAACTGCT-1,7
TGATCCCAGCATTAGT-1,6
TGATCGGTTTGACCCT-1,4
TGATCTACGCTGATCT-1,6
TGATCTCCGGCGCCAG-1,4
TGATGTCAATTAAGTG-1,2
TGATTCAGGTCCCGCG-1,7
TGATTCCCGGTTACCT-1,7
TGATTCGTCTATCACT-1,4
TGATTCTGTCGCCGGT-1,5
TGATTTATTAGCTGTG-1,7
TGATTTCCTCCTGACG-1,2
TGCAAAGTTCGTCTGT-1,7
TGCAACCCATCTGCGG-1,1
TGCAAGAATGACGTAA-1,7
TGCAATCTAACACGGT-1,1
TGCAATTTGGGCACGG-1,6
TGCACAGTGAAGTTAT-1,6
TGCACGAGTCGGCAGC-1,2
TGCACTATGTGAGTGC-1,3
TGCAGAACTATATCGT-1,7
TGCAGAGTACCGAGCA-1,7
TGCAGATCGTCCTAGG-1,4
TGCAGCTACGTACTTC-1,4
TGCAGGATCGGCAAAG-1,4
TGCAGTGGTAGGGAAC-1,5
TGCAGTTTCCTCCCAT-1,4
TGCATATGTCTGTCAC-1,4
TGCATGGATCGGATCT-1,1
TGCATGTGACCCATAG-1,5
TGCATGTGGTAATCTA-1,4
TGCCAAAGTCAGACTT-1,7
TGCCAATGGGTACTCT-1,5
TGCCACCTGGCGAAAC-1,1
TGCCAGTACGTGGAGA-1,4
TGCCATGGCTTATAAG-1,3
TGCCATTACTAAAGAA-1,1
TGCCCGTACCGTTAAA-1,4
TGCCGGATGTACGAGC-1,5
TGCCGTGGATCGTCCT-1,7
TGCCGTGGGACCCAAT-1,7
TGCCTAATTGAAGATT-1,2
TGCCTGACATCGGTCA-1,3
TGCCTGATCAAACGAT-1,4
TGCCTTGGCCAGGCAA-1,4
TGCGAATATGGGATTT-1,7
TGCGACACCCTAGTGC-1,5
TGCGACGGCCGAACGT-1,5
TGCGAGAATATTACCC-1,5
TGCGAGCCCTTCCGCG-1,6
TGCGCAAAGCATTTGG-1,7
TGCGCGATTAACGGAG-1,4
TGCGGACTTGACTCCG-1,4
TGCGGAGTAAAGGTGC-1,4
TGCGGCATAGTTCAAC-1,2
TGCGGGTATTGGGATC-1,3
TGCGGTCTACGAGTAA-1,3
TGCGGTGAAATTTCAT-1,1
TGCGTAAGAACCTGAT-1,7
TGCGTCATGACTGAGC-1,5
TGCGTTTGTTGACACT-1,4
TGCTAAGTGTCTATTT-1,1
TGCTATACAAACGGAC-1,3
TGCTATGGCAAAGGGA-1,5
TGCTCCACAGTTCTTA-1,1
TGCTCGGCGAAACCCA-1,7
TGCTCGGTGGGTCACC-1,4
TGCTCTTGAGAGTTTG-1,4
TGCTGGTTGGACAATT-1,1
TGCTGTTGAAGAACTC-1,7
TGCTTAGAGAGAATGC-1,5
TGCTTCCCAAGCAGTA-1,7
TGCTTGAAACCATGCA-1,3
TGGAAACGGAGTGAAC-1,3
TGGAACCACTGACACA-1,6
TGGAAGAAGGGAACGT-1,7
TGGAAGACGAACACCA-1,2
TGGAAGGATAAAGATG-1,4
TGGAATATCCTTGACC-1,6
TGGAATTAGACGCTTT-1,1
TGGACCAATCTAAGAT-1,4
TGGACCACGGCGTTGA-1,3
TGGACGCAATCCAGCC-1,5
TGGACGTAGGCGAATC-1,3
TGGACTGTTCGCTCAA-1,7
TGGAGCTAAAGTTCCC-1,2
TGGAGTGATGCGATGA-1,4
TGGATAGAGTAACAGA-1,3
TGGCAAACTAAATTAC-1,4
TGGCAACTCGCGCGCC-1,1
TGGCAAGCACAAGTCG-1,7
TGGCAATGGGACGGCG-1,2
TGGCACGAGCTCGAGT-1,2
TGGCAGATTACGATCA-1,7
TGGCAGCAGTAATAGT-1,7
TGGCATGAAGTTTGGG-1,5
TGGCCAAACTGAAGTA-1,4
TGGCCAATTTGGTACT-1,7
TGGCCGTATATTGACC-1,1
TGGCGACTGCTCCAAA-1,5
TGGCGATCAAGTTATG-1,7
TGGCGGTGTGCGATTG-1,3
TGGCTACACTCTACCT-1,1
TGGCTATGTGACATAC-1,4
TGGCTCTTGTCGCGTA-1,4
TGGCTTTGGGTAGACA-1,1
TGGGAAATGCCTTTCC-1,1
TGGGATGCACTCATTC-1,6
TGGGCAATAGTTGGGT-1,2
TGGGCACAAACAGAAC-1,3
TGGGCACGTTCTATGG-1,1
TGGGCAGGCCACCGCA-1,2
TGGGCCACAAGAGCGC-1,1
TGGGCCCATACTAATT-1,4
TGGGCCTTGCCTGCAT-1,3
TGGGCGATACAATAAG-1,7
TGGGTAAGGTTCCCGC-1,1
TGGGTGGGATGTCATT-1,6
TGGGTGTTAAGTAGAA-1,7
TGGTAAGCAGGATTGA-1,4
TGGTAGAATATATGGG-1,1
TGGTATCGCATCCCAA-1,2
TGGTATCGGTCTGTAT-1,2
TGGTCCCACGCTACGG-1,4
TGGTCGATATACCTCT-1,5
TGGTCTGTTGGGCGTA-1,7
TGGTGATCGTATTTGT-1,1
TGGTTAACTTACATTT-1,5
TGGTTCAACGGGTAAT-1,4
TGGTTCGTAGCAAAGG-1,4
TGGTTGGAGGATCCTG-1,6
TGGTTTAAACGTGGGT-1,2
TGTAACTTGTCAACCT-1,3
TGTAATGACCACAATA-1,4
TGTACCCGACCCTAAT-1,5
TGTACCTACACGAGGG-1,1
TGTACGAACAAATCCG-1,7
TGTACGCTATCAGCTT-1,3
TGTACTGTGCCAAAGT-1,3
TGTAGCCATCCCATTC-1,2
TGTAGGAGAAATTTCC-1,4
TGTAGTGATCTATAAT-1,4
TGTATAACAGATCCTG-1,4
TGTATCAGACTGAAGC-1,6
TGTATCCTTATTCCAT-1,2
TGTATGGCGCAGACAG-1,1
TGTATTTACCTAATGC-1,6
TGTCATTTGTTGGGAA-1,6
TGTCCACGGCTCAACT-1,1
TGTCCCGACATAGCAC-1,1
TGTCCGTGGCGCCTTT-1,1
TGTCCTAAGTCACCGC-1,4
TGTCGTTATCACATAT-1,5
TGTCTACAGTTTCTGT-1,2
TGTGACTACGCCAGTC-1,4
TGTGACTAGAGTTTGC-1,1
TGTGAGACTAGCCCAA-1,7
TGTGATTCCAGCGCTT-1,3
TGTGCCGGTGCCGGAA-1,1
TGTGCTTTACGTAAGA-1,4
TGTGGAGGAAGCTTAA-1,3
TGTGGCAAAGCGTATG-1,4
TGTGGCGGGCTTCTGG-1,7
TGTGGTTGCTAAAGCT-1,7
TGTGTCGCGAGTTGCA-1,1
TGTGTTCGTATCCAAG-1,1
TGTTATTGTATGTGGC-1,4
TGTTCCGCTTCCATGA-1,7
TGTTCCGGCCTGAGCT-1,7
TGTTCGTATTGCGGTG-1,7
TGTTCTTCCATTGACT-1,7
TGTTGTCAAGAAGTCT-1,4
TGTTTAATACTTCATC-1,1
TGTTTCGGTACTTCTC-1,1
TGTTTCTGAAGCGTGC-1,5
TGTTTGAGATCGTCAG-1,2
TTAAACCGGTAGCGAC-1,2
TTAAACCTGGTTCCTT-1,1
TTAAACTCGAATTCAT-1,1
TTAACACCTCGAACAT-1,1
TTAACCAACCCTCCCT-1,1
TTAACGTCGCAAGACC-1,2
TTAACTCACGCGTGGA-1,1
TTAACTTCAGGTAGGA-1,7
TTAAGACGAACGAACC-1,2
TTAAGATAGGATTGAC-1,6
TTAAGCCGACAACTTC-1,1
TTAAGCGCCTGACCCA-1,4
TTAAGGATACGGAGGT-1,3
TTAAGGCCCGTACTTT-1,5
TTAAGTATTGTTATCC-1,1
TTAATCAGTACGTCAG-1,1
TTAATGCGAGGTAACT-1,2
TTAATGTAGACCAGGT-1,7
TTAATGTGTTTGCAGG-1,3
TTAATTGCTTTGGGTG-1,4
TTAATTTCAGACGCGG-1,1
TTACAACTACGCATCC-1,4
TTACACGATCTGCGAC-1,2
TTACAGACCTAAATGA-1,1
TTACATCGTGGCCTGG-1,1
TTACATGCCACAACTA-1,6
TTACCATTGATTACCC-1,4
TTACCCATTGCCGGGT-1,1
TTACCCTAACAGTCCT-1,1
TTACCCTAGGGATTGG-1,7
TTACCGCCTTAGGGAA-1,3
TTACGGATGGTTCGAG-1,1
TTACGGTGTCACCGAG-1,3
TTACTAAAGGACTTTA-1,4
TTACTATCGGCTTCTC-1,4
TTACTCCGGCCGGGAA-1,4
TTACTCTGGTACGTAC-1,7
TTACTGGGATATTTCA-1,7
TTACTGTTTCTCTACG-1,3
TTAGAAGAACATGACT-1,7
TTAGAATAAGGGTCGG-1,5
TTAGACACGATCGTTG-1,1
TTAGACGAGTCACCTC-1,4
TTAGAGTTTAGAAGGA-1,4
TTAGATAGGTCGATAC-1,3
TTAGCAACATGGATGT-1,1
TTAGCTAATACGATCT-1,6
TTAGCTCTGTAATCCG-1,1
TTAGCTGATTTGCCGT-1,1
TTAGGTCATAACCGAC-1,5
TTAGTAAACCTGCTCT-1,1
TTAGTAGGGCGGCGGG-1,4
TTAGTTATTCGTGGCA-1,1
TTAGTTCAAGTGTTCG-1,2
TTATAGATGCACATTA-1,3
TTATAGGTAATTGTCT-1,4
TTATATACGCTGTCAC-1,7
TTATATTTGGCAATCC-1,4
TTATCATACTCGCAAA-1,3
TTATCCAATCGAACTC-1,3
TTATCCGGGATCTATA-1,4
TTATCCTCAAGGAATA-1,5
TTATCGCCTGCGAAGC-1,1
TTATCTGACATTAGGA-1,7
TTATCTGTATCATAAC-1,4
TTATGAATGAAAGGGA-1,7
TTATGACAAACTGGAT-1,1
TTATGATCTTAACGAA-1,4
TTATGCGTCCCGGTCC-1,3
TTATGTTTGCGATAGA-1,1
TTATTAGAGCGTGTTC-1,7
TTATTAGGGAAGCATC-1,1
TTCAAAGTCTCTAGCC-1,7
TTCAACGACCCGACCG-1,1
TTCAAGCCGAGCTGAG-1,1
TTCAATACTCTGAATC-1,4
TTCAATTAGCCATAAT-1,2
TTCACGAAAGGATCAC-1,7
TTCACTCGAGCACCTA-1,7
TTCACTTCCTAGAACG-1,7
TTCAGAGTAACCTGAC-1,3
TTCAGCCCTGGTCCAC-1,4
TTCAGCTGGCGTGCCC-1,1
TTCAGGCGTCAAAGCC-1,4
TTCAGTTCAAGAGGAG-1,5
TTCATAGCCTTGTAAC-1,3
TTCATGGCGCAACAGG-1,1
TTCCAATCAGAGCTAG-1,1
TTCCAATCTGGCTATC-1,5
TTCCACACAGATTTGA-1,5
TTCCACATTTCTCGTC-1,3
TTCCAGACGAGATTTA-1,2
TTCCATCATGCGGTGA-1,6
TTCCATCGACAGCGTG-1,2
TTCCCGACGCTTCACT-1,3
TTCCCGGCGCCAATAG-1,7
TTCCGCAGAGAAATAT-1,6
TTCCGCGTGAGGCGAT-1,7
TTCCGGCCTTGAGGCT-1,5
TTCCGGTATCTGTGTC-1,2
TTCCGGTTACCCACTT-1,4
TTCCTCGAGGGTGTCT-1,1
TTCCTCGGACTAACCA-1,4
TTCCTCTGCCCGAATA-1,4
TTCCTTTCTGTGTTGC-1,3
TTCGAACGAAACATGC-1,5
TTCGACAGAGCCCGTG-1,7
TTCGACGGGAAGGGCG-1,1
TTCGCACTCGCGTGCT-1,4
TTCGCACTGTACGACA-1,7
TTCGCCGCTCGCGCTA-1,5
TTCGCGCGCCATACGA-1,5
TTCGCTATCTGACGTG-1,6
TTCGGACTGATGCCTT-1,2
TTCGGACTGGGCATGG-1,5
TTCGGCAACCCGCTGA-1,1
TTCGGCTAGAGATGGT-1,2
TTCGGGACTAATCGCG-1,7
TTCGGGCGCTAGTCTT-1,5
TTCGGTACTGTAGAGG-1,7
TTCGTAATCCCAGCGG-1,1
TTCGTACTCCAGAACG-1,1
TTCGTTCAACGAAGTT-1,6
TTCTAACCGAAGCTTA-1,4
TTCTACCTCAATCGGT-1,5
TTCTACCTTTATGTTG-1,2
TTCTACTTGCGAGGGC-1,1
TTCTAGAAAGTCTTAT-1,5
TTCTAGGCCAATTGTG-1,1
TTCTATTAAACGCAGC-1,7
TTCTCAATTGCTACAA-1,5
TTCTCTTACAGGTGAT-1,5
TTCTGACCGGGCTCAA-1,4
TTCTGCCGCGCCTAGA-1,7
TTCTGCGAGCGCCCTT-1,4
TTCTGCGGGTTAGCGG-1,4
TTCTGCTAGACTCCAA-1,6
TTCTTAGTGAACGGTG-1,1
TTCTTAGTGGCTCAGA-1,1
TTCTTATCCGCTGGGT-1,1
TTCTTCCCTTTGATAT-1,3
TTCTTCGCAATAGAGC-1,2
TTCTTGAGCCGCGCTA-1,5
TTCTTGCTAGCATCTC-1,2
TTCTTGGACGATCTGC-1,5
TTCTTGGAGTAATGAG-1,1
TTCTTGTAACCTAATG-1,1
TTCTTTGGTCGCGACG-1,6
TTGAAAGGTGTAAAGG-1,6
TTGAACGAATCCTTTG-1,2
TTGAACGACGTGCTGA-1,1
TTGAAGAATTCCCAGG-1,7
TTGAAGGATGGGCGCC-1,5
TTGAATATGGACTTTC-1,7
TTGAATCGTTGTATAA-1,7
TTGAATTCACGTGAGG-1,1
TTGACAGGAGCTCCCG-1,1
TTGACATGAACGTGGA-1,7
TTGACCAGGAACAACT-1,4
TTGACCATGTTCTCCG-1,4
TTGACCGTGTTAATGA-1,5
TTGACGATTCAGCACG-1,2
TTGACGCTCCATGAGC-1,6
TTGACTACCATATGGT-1,7
TTGACTATTGTCCGGC-1,6
TTGAGAAGTTTAGCAT-1,4
TTGAGAGTACTGCTAA-1,7
TTGAGCAGCCCACGGT-1,2
TTGAGGCATTTAACTC-1,2
TTGATCTAACTTTGTC-1,4
TTGATGCCGCTCGTCG-1,5
TTGATGTGTAGTCCCG-1,1
TTGATTAGCTGTTTCT-1,5
TTGATTATGCAGATGA-1,1
TTGCAAGAAGACTCCT-1,7
TTGCACAATTCAGAAA-1,7
TTGCACGGAGCAGCAC-1,1
TTGCATGCTGATCACG-1,7
TTGCCAAGCAGAACCC-1,2
TTGCCATAGCCCGCTC-1,5
TTGCCCTGATCACGGG-1,7
TTGCCGCAGACCTACA-1,5
TTGCCGCTTTCTAGTA-1,4
TTGCCGGTGATCCCTC-1,6
TTGCCTAATCCAAAGT-1,5
TTGCCTTCTCGCCGGG-1,1
TTGCGGAAAGCTGCCC-1,5
TTGCGGCATCAGAAAG-1,5
TTGCGGCGACTCATGC-1,3
TTGCGTAGTTTGAGGA-1,1
TTGCGTCGGCCAACCG-1,5
TTGCGTGAACGCTTAG-1,6
TTGCTAGCTACCAATC-1,3
TTGCTCATAGTACGTG-1,1
TTGCTCCCATACCGGA-1,4
TTGCTGAAGGAACCAC-1,1
TTGCTGATCATGTTCG-1,7
TTGCTGCACCTATCCA-1,1
TTGCTGGCCGGGCTTC-1,1
TTGGAAGAATACAGTC-1,5
TTGGACATGTGGCTTA-1,7
TTGGACCATCTGGCAA-1,2
TTGGACCTATAACAGT-1,4
TTGGAGTCTCCCTTCT-1,3
TTGGATATCGTCTACG-1,7
TTGGATCGACTTCTGG-1,2
TTGGATTGGGTACCAC-1,1
TTGGCCATCTTGCGCT-1,2
TTGGCCTAGAATTTCG-1,1
TTGGCTCAATATGTGT-1,2
TTGGCTCGCATGAGAC-1,1
TTGGGAAGACGAGCCG-1,7
TTGGGACACTGCCCGC-1,4
TTGGGACGTAAGAGTT-1,2
TTGGGCGGCGGTTGCC-1,4
TTGGTCACACTCGTAA-1,5
TTGGTTGCGGTGCGCG-1,5
TTGTAAGGACCTAAGT-1,7
TTGTAAGGCCAGTTGG-1,4
TTGTAATCCGTACTCG-1,7
TTGTATCACACAGAAT-1,1
TTGTCGTTCAGTTACC-1,4
TTGTCTCGGCAAGATG-1,5
TTGTGAACCTAATCCG-1,1
TTGTGAGGCATGACGC-1,4
TTGTGCAGCCACGTCA-1,4
TTGTGGCCCTGACAGT-1,1
TTGTGGTAGGAGGGAT-1,5
TTGTGGTGGTACTAAG-1,1
TTGTGTATGCCACCAA-1,7
TTGTGTTTCCCGAAAG-1,7
TTGTTAGCAAATTCGA-1,1
TTGTTCAGTGTGCTAC-1,4
TTGTTGTGTGTCAAGA-1,4
TTGTTTCACATCCAGG-1,5
TTGTTTCATTAGTCTA-1,5
TTGTTTCCATACAACT-1,7
TTGTTTGTATTACACG-1,5
TTGTTTGTGTAAATTC-1,3
